Date,SPY,^VIX
1996-01-02,37.979820251464844,12.1899995803833
1996-01-03,38.08488845825195,12.100000381469727
1996-01-04,37.721981048583984,13.779999732971191
1996-01-05,37.64558410644531,13.579999923706055
1996-01-08,37.788822174072266,13.109999656677246
1996-01-09,37.139427185058594,15.210000038146973
1996-01-10,36.65239334106445,16.399999618530273
1996-01-11,36.87204360961914,14.6899995803833
1996-01-12,36.81471633911133,14.229999542236328
1996-01-15,36.738346099853516,14.989999771118164
1996-01-16,37.187191009521484,14.09000015258789
1996-01-17,37.07259750366211,14.25
1996-01-18,37.19673538208008,13.579999923706055
1996-01-19,37.44501495361328,12.699999809265137
1996-01-22,37.45457077026367,13.34000015258789
1996-01-23,37.540531158447266,13.5600004196167
1996-01-24,37.846134185791016,12.539999961853027
1996-01-25,37.71242141723633,12.9399995803833
1996-01-26,38.037113189697266,12.0
1996-01-29,38.18992614746094,12.1899995803833
1996-01-30,38.51463317871094,12.420000076293945
1996-01-31,38.915714263916016,12.529999732971191
1996-02-01,39.058956146240234,12.649999618530273
1996-02-02,38.896629333496094,13.229999542236328
1996-02-05,39.211753845214844,13.460000038146973
1996-02-06,39.584197998046875,14.59000015258789
1996-02-07,39.813392639160156,14.109999656677246
1996-02-08,40.24313735961914,13.890000343322754
1996-02-09,40.233585357666016,14.630000114440918
1996-02-12,40.5391960144043,14.6899995803833
1996-02-13,40.4532585144043,14.9399995803833
1996-02-14,40.099891662597656,15.59000015258789
1996-02-15,39.85160446166992,16.1299991607666
1996-02-16,39.68927001953125,15.369999885559082
1996-02-20,39.297698974609375,16.799999237060547
1996-02-21,39.78476333618164,14.470000267028809
1996-02-22,40.4150390625,14.5600004196167
1996-02-23,40.30046081542969,14.779999732971191
1996-02-26,39.727447509765625,16.3799991607666
1996-02-27,39.60329818725586,16.6299991607666
1996-02-28,39.42185592651367,16.719999313354492
1996-02-29,39.03986358642578,17.040000915527344
1996-03-01,39.66059875488281,16.719999313354492
1996-03-04,39.889793395996094,16.670000076293945
1996-03-05,40.262237548828125,16.100000381469727
1996-03-06,39.90888977050781,16.559999465942383
1996-03-07,40.10942459106445,16.489999771118164
1996-03-08,38.81066131591797,20.700000762939453
1996-03-11,39.25951385498047,19.399999618530273
1996-03-12,38.953914642333984,19.09000015258789
1996-03-13,39.2213020324707,18.1299991607666
1996-03-14,39.393184661865234,16.93000030517578
1996-03-15,39.366729736328125,16.540000915527344
1996-03-18,40.1245002746582,17.309999465942383
1996-03-19,40.03818130493164,18.350000381469727
1996-03-20,39.99022674560547,18.65999984741211
1996-03-21,39.89430236816406,17.739999771118164
1996-03-22,39.999813079833984,17.049999237060547
1996-03-25,39.92308044433594,17.84000015258789
1996-03-26,40.11494827270508,17.799999237060547
1996-03-27,39.750431060791016,17.889999389648438
1996-03-28,39.903907775878906,18.15999984741211
1996-03-29,39.7120475769043,18.8799991607666
1996-04-01,40.1724967956543,17.899999618530273
1996-04-02,40.24922180175781,16.450000762939453
1996-04-03,40.24922180175781,16.329999923706055
1996-04-04,40.22045135498047,16.18000030517578
1996-04-08,39.5297966003418,18.719999313354492
1996-04-09,39.37631607055664,17.31999969482422
1996-04-10,38.67607498168945,20.219999313354492
1996-04-11,38.62812423706055,19.649999618530273
1996-04-12,39.11732864379883,17.3799991607666
1996-04-15,39.44345474243164,16.829999923706055
1996-04-16,39.558570861816406,16.450000762939453
1996-04-17,39.46265411376953,17.06999969482422
1996-04-18,39.52019500732422,16.40999984741211
1996-04-19,39.61613082885742,15.119999885559082
1996-04-22,39.92308044433594,15.380000114440918
1996-04-23,40.04777908325195,15.010000228881836
1996-04-24,39.903907775878906,14.90999984741211
1996-04-25,40.08614730834961,14.720000267028809
1996-04-26,40.1724967956543,14.75
1996-04-29,40.1724967956543,15.449999809265137
1996-04-30,40.14371109008789,15.829999923706055
1996-05-01,40.23003387451172,16.06999969482422
1996-05-02,39.53938293457031,18.6200008392334
1996-05-03,39.48184585571289,16.700000762939453
1996-05-06,39.44345474243164,16.920000076293945
1996-05-07,39.28040313720703,16.8700008392334
1996-05-08,39.76959991455078,15.779999732971191
1996-05-09,39.740806579589844,16.989999771118164
1996-05-10,40.13411331176758,15.609999656677246
1996-05-13,40.73844909667969,15.15999984741211
1996-05-14,40.98783874511719,14.899999618530273
1996-05-15,40.93983840942383,15.59000015258789
1996-05-16,41.026187896728516,15.710000038146973
1996-05-17,41.24681854248047,15.130000114440918
1996-05-20,41.524986267089844,15.800000190734863
1996-05-21,41.467430114746094,16.0
1996-05-22,41.860721588134766,15.5
1996-05-23,41.68806076049805,16.170000076293945
1996-05-24,41.85112380981445,15.539999961853027
1996-05-28,41.42906188964844,16.920000076293945
1996-05-29,41.150882720947266,17.149999618530273
1996-05-30,41.36193084716797,16.020000457763672
1996-05-31,41.054954528808594,16.06999969482422
1996-06-03,41.17008590698242,16.860000610351562
1996-06-04,41.45785140991211,16.18000030517578
1996-06-05,41.822364807128906,16.040000915527344
1996-06-06,41.51540756225586,16.84000015258789
1996-06-07,41.51540756225586,16.100000381469727
1996-06-10,41.38109588623047,16.780000686645508
1996-06-11,41.34272003173828,16.68000030517578
1996-06-12,41.26599884033203,17.0
1996-06-13,41.26599884033203,17.1200008392334
1996-06-14,41.09334182739258,18.639999389648438
1996-06-17,41.064552307128906,17.459999084472656
1996-06-18,40.728824615478516,17.450000762939453
1996-06-19,40.91107940673828,17.540000915527344
1996-06-20,40.88232421875,16.969999313354492
1996-06-21,41.233924865722656,15.800000190734863
1996-06-24,41.311092376708984,15.90999984741211
1996-06-25,41.262847900390625,15.430000305175781
1996-06-26,40.983219146728516,15.229999542236328
1996-06-27,41.272483825683594,14.1899995803833
1996-06-28,41.417171478271484,13.680000305175781
1996-07-01,41.773963928222656,13.779999732971191
1996-07-02,41.619659423828125,14.1899995803833
1996-07-03,41.53288269042969,14.210000038146973
1996-07-05,40.47212600708008,16.09000015258789
1996-07-08,40.30820083618164,16.420000076293945
1996-07-09,40.47212600708008,15.489999771118164
1996-07-10,40.636070251464844,15.510000228881836
1996-07-11,39.81639862060547,17.809999465942383
1996-07-12,39.84534454345703,17.09000015258789
1996-07-15,38.668861389160156,20.110000610351562
1996-07-16,38.76530075073242,20.100000381469727
1996-07-17,39.228172302246094,19.219999313354492
1996-07-18,39.76817321777344,17.93000030517578
1996-07-19,39.4788932800293,17.260000228881836
1996-07-22,39.18960189819336,20.40999984741211
1996-07-23,38.68816375732422,21.549999237060547
1996-07-24,38.76530075073242,21.440000534057617
1996-07-25,39.11244583129883,19.389999389648438
1996-07-26,39.32460403442383,17.450000762939453
1996-07-29,38.89066696166992,20.09000015258789
1996-07-30,39.26673889160156,20.530000686645508
1996-07-31,39.55604553222656,19.459999084472656
1996-08-01,40.21177291870117,18.760000228881836
1996-08-02,41.07964324951172,16.190000534057617
1996-08-05,40.83856201171875,17.360000610351562
1996-08-06,40.96392822265625,16.93000030517578
1996-08-07,41.070037841796875,16.239999771118164
1996-08-08,41.00249481201172,16.040000915527344
1996-08-09,40.86749267578125,15.770000457763672
1996-08-12,41.16644287109375,15.569999694824219
1996-08-13,40.83856201171875,16.40999984741211
1996-08-14,40.983219146728516,15.960000038146973
1996-08-15,40.90605163574219,15.460000038146973
1996-08-16,41.25321960449219,14.8100004196167
1996-08-19,41.272483825683594,15.270000457763672
1996-08-20,41.24357986450195,14.729999542236328
1996-08-21,41.098941802978516,14.520000457763672
1996-08-22,41.48464584350586,13.710000038146973
1996-08-23,41.262847900390625,14.180000305175781
1996-08-26,41.06035232543945,15.380000114440918
1996-08-27,41.21466064453125,15.109999656677246
1996-08-28,41.14713668823242,15.100000381469727
1996-08-29,40.74215316772461,16.219999313354492
1996-08-30,40.31782913208008,17.010000228881836
1996-09-03,40.57822036743164,18.469999313354492
1996-09-04,40.61676788330078,18.639999389648438
1996-09-05,40.1249885559082,20.510000228881836
1996-09-06,40.693939208984375,17.100000381469727
1996-09-09,41.17607879638672,16.360000610351562
1996-09-10,41.15678024291992,16.25
1996-09-11,41.38822937011719,16.059999465942383
1996-09-12,41.677513122558594,15.970000267028809
1996-09-13,42.31395721435547,15.199999809265137
1996-09-16,42.46822738647461,15.430000305175781
1996-09-17,42.37181854248047,15.739999771118164
1996-09-18,42.2657470703125,15.859999656677246
1996-09-19,42.42969512939453,16.030000686645508
1996-09-20,42.580196380615234,15.649999618530273
1996-09-23,42.57049560546875,16.459999084472656
1996-09-24,42.560821533203125,16.450000762939453
1996-09-25,42.58989334106445,16.219999313354492
1996-09-26,42.57049560546875,16.110000610351562
1996-09-27,42.6092643737793,16.100000381469727
1996-09-30,42.57049560546875,16.950000762939453
1996-10-01,42.80311584472656,17.049999237060547
1996-10-02,43.093910217285156,16.780000686645508
1996-10-03,43.055137634277344,16.770000457763672
1996-10-04,43.63669967651367,14.800000190734863
1996-10-07,43.6851692199707,15.109999656677246
1996-10-08,43.51068878173828,15.579999923706055
1996-10-09,43.17145919799805,16.09000015258789
1996-10-10,43.08422088623047,16.260000228881836
1996-10-11,43.617305755615234,15.069999694824219
1996-10-14,43.67546844482422,15.130000114440918
1996-10-15,43.617305755615234,15.829999923706055
1996-10-16,43.83053970336914,15.600000381469727
1996-10-17,43.946868896484375,15.40999984741211
1996-10-18,44.17948532104492,15.079999923706055
1996-10-21,44.121341705322266,15.979999542236328
1996-10-22,43.8111572265625,16.399999618530273
1996-10-23,43.956565856933594,16.450000762939453
1996-10-24,43.57855224609375,16.889999389648438
1996-10-25,43.617305755615234,17.290000915527344
1996-10-28,43.32654571533203,18.34000015258789
1996-10-29,43.67546844482422,18.280000686645508
1996-10-30,43.530086517333984,18.479999542236328
1996-10-31,43.946868896484375,18.110000610351562
1996-11-01,43.79180145263672,17.889999389648438
1996-11-04,44.082550048828125,18.040000915527344
1996-11-05,44.33456802368164,17.649999618530273
1996-11-06,45.187530517578125,16.969999313354492
1996-11-07,45.29414749145508,17.209999084472656
1996-11-08,45.546165466308594,15.779999732971191
1996-11-11,45.4976921081543,14.039999961853027
1996-11-12,45.361995697021484,15.359999656677246
1996-11-13,45.56556701660156,14.890000343322754
1996-11-14,45.86602020263672,13.789999961853027
1996-11-15,45.92417907714844,14.359999656677246
1996-11-18,45.93389129638672,15.119999885559082
1996-11-19,46.26344680786133,15.229999542236328
1996-11-20,46.34096145629883,15.9399995803833
1996-11-21,46.273128509521484,15.770000457763672
1996-11-22,46.63175964355469,14.920000076293945
1996-11-25,47.2230110168457,15.90999984741211
1996-11-26,47.06793975830078,16.969999313354492
1996-11-27,46.9807014465332,16.959999084472656
1996-11-29,47.155147552490234,17.139999389648438
1996-12-02,47.1745491027832,17.93000030517578
1996-12-03,46.37005615234375,18.68000030517578
1996-12-04,46.49604797363281,17.93000030517578
1996-12-05,46.37005615234375,18.139999389648438
1996-12-06,46.098663330078125,18.81999969482422
1996-12-09,46.777137756347656,17.75
1996-12-10,46.55422592163086,17.8799991607666
1996-12-11,46.12773895263672,19.68000030517578
1996-12-12,45.361995697021484,20.450000762939453
1996-12-13,45.47831726074219,21.09000015258789
1996-12-16,44.896766662597656,21.989999771118164
1996-12-17,45.25538635253906,20.770000457763672
1996-12-18,45.614009857177734,19.420000076293945
1996-12-19,46.55422592163086,18.770000457763672
1996-12-20,46.6563606262207,18.850000381469727
1996-12-23,46.539466857910156,19.5
1996-12-24,46.880409240722656,18.68000030517578
1996-12-26,47.24080276489258,18.59000015258789
1996-12-27,47.29923629760742,19.1299991607666
1996-12-30,46.89015579223633,19.510000228881836
1996-12-31,46.03299331665039,20.920000076293945
1997-01-02,46.149864196777344,21.139999389648438
1997-01-03,46.81220626831055,19.1299991607666
1997-01-06,46.403114318847656,19.889999389648438
1997-01-07,46.96805191040039,19.350000381469727
1997-01-08,46.55896759033203,20.239999771118164
1997-01-09,46.9485969543457,20.90999984741211
1997-01-10,47.455078125,19.6299991607666
1997-01-13,47.386871337890625,19.84000015258789
1997-01-14,47.981082916259766,19.270000457763672
1997-01-15,47.86416244506836,19.399999618530273
1997-01-16,48.058963775634766,19.610000610351562
1997-01-17,48.3512077331543,18.6299991607666
1997-01-20,48.40966796875,18.600000381469727
1997-01-21,48.799259185791016,17.809999465942383
1997-01-22,49.14990234375,17.09000015258789
1997-01-23,48.46809387207031,18.469999313354492
1997-01-24,47.84468078613281,19.329999923706055
1997-01-27,47.70833969116211,20.15999984741211
1997-01-28,47.84468078613281,20.739999771118164
1997-01-29,48.312217712402344,20.229999542236328
1997-01-30,48.93561935424805,19.469999313354492
1997-01-31,48.877193450927734,19.469999313354492
1997-02-03,49.02327346801758,19.579999923706055
1997-02-04,49.32524871826172,19.43000030517578
1997-02-05,48.39988708496094,21.059999465942383
1997-02-06,48.721343994140625,20.15999984741211
1997-02-07,49.3836669921875,18.899999618530273
1997-02-10,48.9161376953125,20.649999618530273
1997-02-11,49.481075286865234,19.969999313354492
1997-02-12,50.1823844909668,19.479999542236328
1997-02-13,50.727848052978516,19.229999542236328
1997-02-14,50.61095428466797,19.18000030517578
1997-02-18,51.03955078125,19.700000762939453
1997-02-19,50.69862747192383,20.610000610351562
1997-02-20,50.08498764038086,21.40999984741211
1997-02-21,50.10445785522461,20.549999237060547
1997-02-24,50.69862747192383,19.84000015258789
1997-02-25,50.73759078979492,19.979999542236328
1997-02-26,50.24082946777344,20.739999771118164
1997-02-27,49.49081039428711,21.079999923706055
1997-02-28,49.344696044921875,21.100000381469727
1997-03-03,49.67587661743164,20.889999389648438
1997-03-04,49.40315246582031,20.6200008392334
1997-03-05,50.24082946777344,19.489999771118164
1997-03-06,49.94860076904297,20.479999542236328
1997-03-07,50.39667510986328,19.31999969482422
1997-03-10,50.922645568847656,19.0
1997-03-11,50.64992141723633,19.25
1997-03-12,50.20186233520508,19.610000610351562
1997-03-13,49.422645568847656,19.790000915527344
1997-03-14,49.67587661743164,19.809999465942383
1997-03-17,49.812259674072266,20.950000762939453
1997-03-18,49.27653884887695,21.260000228881836
1997-03-19,49.11091613769531,21.739999771118164
1997-03-20,48.85771179199219,21.219999313354492
1997-03-21,49.083900451660156,19.690000534057617
1997-03-24,49.768348693847656,20.059999465942383
1997-03-25,49.279483795166016,19.260000228881836
1997-03-26,49.494571685791016,18.31999969482422
1997-03-27,48.18434143066406,20.5
1997-03-31,47.16746139526367,22.139999389648438
1997-04-01,47.47057342529297,20.84000015258789
1997-04-02,46.61993408203125,21.299999237060547
1997-04-03,46.87416076660156,21.190000534057617
1997-04-04,47.46083068847656,19.229999542236328
1997-04-07,47.64659118652344,18.510000228881836
1997-04-08,47.98881149291992,18.440000534057617
1997-04-09,47.597713470458984,18.559999465942383
1997-04-10,47.42171859741211,19.010000228881836
1997-04-11,45.915924072265625,19.760000228881836
1997-04-14,46.531951904296875,19.09000015258789
1997-04-15,47.32394027709961,18.25
1997-04-16,47.871482849121094,17.639999389648438
1997-04-17,47.675941467285156,18.709999084472656
1997-04-18,47.910579681396484,18.75
1997-04-21,47.597713470458984,20.100000381469727
1997-04-22,48.643924713134766,19.520000457763672
1997-04-23,48.692813873291016,20.479999542236328
1997-04-24,48.4483642578125,20.829999923706055
1997-04-25,47.89105224609375,21.149999618530273
1997-04-28,48.3603401184082,21.34000015258789
1997-04-29,49.88568115234375,19.809999465942383
1997-04-30,50.12035369873047,20.059999465942383
1997-05-01,50.061668395996094,19.8700008392334
1997-05-02,50.961219787597656,17.510000228881836
1997-05-05,52.17365264892578,20.1299991607666
1997-05-06,52.13454055786133,20.850000381469727
1997-05-07,51.00033950805664,21.34000015258789
1997-05-08,51.35234069824219,21.260000228881836
1997-05-09,51.70432662963867,20.110000610351562
1997-05-12,52.56476974487305,20.25
1997-05-13,52.34965133666992,20.809999465942383
1997-05-14,52.447444915771484,21.09000015258789
1997-05-15,52.79939270019531,19.90999984741211
1997-05-16,52.07587814331055,21.56999969482422
1997-05-19,52.23231887817383,21.479999542236328
1997-05-20,52.85810089111328,19.260000228881836
1997-05-21,52.74073028564453,19.280000686645508
1997-05-22,52.56476974487305,18.770000457763672
1997-05-23,53.053646087646484,18.079999923706055
1997-05-27,53.26875686645508,19.360000610351562
1997-05-28,53.25896453857422,19.280000686645508
1997-05-29,52.94610595703125,19.020000457763672
1997-05-30,53.28829574584961,19.190000534057617
1997-06-02,53.053646087646484,20.850000381469727
1997-06-03,52.87760543823242,20.010000228881836
1997-06-04,52.81897735595703,20.100000381469727
1997-06-05,53.014556884765625,20.360000610351562
1997-06-06,54.05097198486328,18.940000534057617
1997-06-09,54.324745178222656,19.459999084472656
1997-06-10,54.49094009399414,19.040000915527344
1997-06-11,54.618072509765625,18.850000381469727
1997-06-12,55.674068450927734,18.510000228881836
1997-06-13,56.143409729003906,19.270000457763672
1997-06-16,56.16293716430664,19.770000457763672
1997-06-17,56.08472442626953,20.170000076293945
1997-06-18,55.88918685913086,20.450000762939453
1997-06-19,56.46603775024414,20.100000381469727
1997-06-20,56.273681640625,20.200000762939453
1997-06-23,54.90927505493164,21.190000534057617
1997-06-24,56.303123474121094,20.739999771118164
1997-06-25,55.91049575805664,21.5
1997-06-26,55.63563537597656,21.81999969482422
1997-06-27,55.85161590576172,21.219999313354492
1997-06-30,55.478572845458984,21.530000686645508
1997-07-01,56.126426696777344,21.0
1997-07-02,57.049072265625,19.700000762939453
1997-07-03,57.83436584472656,17.81999969482422
1997-07-07,57.24543380737305,19.1299991607666
1997-07-08,57.84418869018555,18.760000228881836
1997-07-09,57.206180572509766,20.399999618530273
1997-07-10,57.46137619018555,19.920000076293945
1997-07-11,57.65769577026367,19.059999465942383
1997-07-14,57.83436584472656,19.579999923706055
1997-07-15,58.12883377075195,19.0
1997-07-16,58.89448928833008,19.360000610351562
1997-07-17,58.5999870300293,20.540000915527344
1997-07-18,57.35337829589844,22.280000686645508
1997-07-21,57.36320495605469,23.510000228881836
1997-07-22,58.88463592529297,21.770000457763672
1997-07-23,58.83556365966797,21.299999237060547
1997-07-24,59.110416412353516,20.959999084472656
1997-07-25,59.071136474609375,20.81999969482422
1997-07-28,59.03186798095703,21.84000015258789
1997-07-29,59.22819900512695,22.020000457763672
1997-07-30,59.934932708740234,21.389999389648438
1997-07-31,59.87605285644531,21.479999542236328
1997-08-01,59.640445709228516,22.290000915527344
1997-08-04,59.797508239746094,21.940000534057617
1997-08-05,59.83677673339844,20.639999389648438
1997-08-06,60.32756805419922,20.049999237060547
1997-08-07,59.87605285644531,19.770000457763672
1997-08-08,58.658878326416016,22.459999084472656
1997-08-11,59.090782165527344,22.770000457763672
1997-08-12,58.14847183227539,23.75
1997-08-13,57.9717903137207,24.520000457763672
1997-08-14,58.187713623046875,23.110000610351562
1997-08-15,56.401283264160156,24.450000762939453
1997-08-18,57.65769577026367,24.3700008392334
1997-08-19,58.32514190673828,22.639999389648438
1997-08-20,59.208553314208984,21.09000015258789
1997-08-21,58.1681022644043,23.829999923706055
1997-08-22,58.14847183227539,24.739999771118164
1997-08-25,57.932518005371094,24.100000381469727
1997-08-26,57.07854080200195,24.729999542236328
1997-08-27,57.42212677001953,24.260000228881836
1997-08-28,56.548519134521484,24.510000228881836
1997-08-29,56.774269104003906,24.760000228881836
1997-09-02,58.61963653564453,24.530000686645508
1997-09-03,58.3055534362793,24.950000762939453
1997-09-04,58.67852783203125,25.270000457763672
1997-09-05,58.51163101196289,24.309999465942383
1997-09-08,58.76688766479492,24.399999618530273
1997-09-09,58.796287536621094,23.889999389648438
1997-09-10,57.57917022705078,24.639999389648438
1997-09-11,57.28466796875,25.989999771118164
1997-09-12,58.207359313964844,25.170000076293945
1997-09-15,58.109230041503906,25.739999771118164
1997-09-16,59.561912536621094,23.770000457763672
1997-09-17,59.561912536621094,24.100000381469727
1997-09-18,59.817138671875,23.479999542236328
1997-09-19,59.91835021972656,22.739999771118164
1997-09-22,60.25328826904297,22.079999923706055
1997-09-23,59.97746276855469,22.0
1997-09-24,59.48486328125,22.639999389648438
1997-09-25,59.07109832763672,22.959999084472656
1997-09-26,59.563724517822266,22.260000228881836
1997-09-29,60.13507080078125,22.229999542236328
1997-09-30,59.504554748535156,22.90999984741211
1997-10-01,60.2927360534668,22.31999969482422
1997-10-02,60.627681732177734,22.270000457763672
1997-10-03,60.93309020996094,21.540000915527344
1997-10-06,61.33698272705078,21.610000610351562
1997-10-07,61.90836715698242,20.290000915527344
1997-10-08,61.47492980957031,20.770000457763672
1997-10-09,61.258182525634766,22.309999465942383
1997-10-10,61.08086395263672,19.75
1997-10-13,61.13995361328125,20.260000228881836
1997-10-14,61.1596794128418,19.989999771118164
1997-10-15,61.02173614501953,20.049999237060547
1997-10-16,60.05625534057617,20.530000686645508
1997-10-17,59.445430755615234,21.690000534057617
1997-10-20,60.2927360534668,20.719999313354492
1997-10-21,61.465057373046875,19.530000686645508
1997-10-22,61.061134338378906,19.860000610351562
1997-10-23,59.85922622680664,22.989999771118164
1997-10-24,59.26814651489258,23.170000076293945
1997-10-27,54.97273635864258,31.1200008392334
1997-10-28,58.14501953125,31.219999313354492
1997-10-29,57.98737335205078,33.75
1997-10-30,56.7066535949707,38.20000076293945
1997-10-31,58.0465202331543,35.09000015258789
1997-11-03,59.26814651489258,32.09000015258789
1997-11-04,59.26814651489258,32.2400016784668
1997-11-05,59.465179443359375,32.18000030517578
1997-11-06,59.23859405517578,32.56999969482422
1997-11-07,58.59823226928711,36.27000045776367
1997-11-10,58.24352264404297,36.630001068115234
1997-11-11,58.26323318481445,36.380001068115234
1997-11-12,57.061336517333984,37.84000015258789
1997-11-13,57.88888168334961,36.63999938964844
1997-11-14,58.6770133972168,33.65999984741211
1997-11-17,59.76070785522461,31.579999923706055
1997-11-18,59.38636016845703,31.549999237060547
1997-11-19,59.68191909790039,29.93000030517578
1997-11-20,60.588253021240234,27.31999969482422
1997-11-21,61.002044677734375,26.649999618530273
1997-11-24,59.89863967895508,29.799999237060547
1997-11-25,60.05625534057617,28.950000762939453
1997-11-26,60.233604431152344,28.950000762939453
1997-11-28,60.2927360534668,27.43000030517578
1997-12-01,61.849266052246094,26.010000228881836
1997-12-02,61.47492980957031,25.65999984741211
1997-12-03,61.65227127075195,23.920000076293945
1997-12-04,61.59315872192383,23.84000015258789
1997-12-05,62.38129425048828,22.649999618530273
1997-12-08,62.20391082763672,23.219999313354492
1997-12-09,61.82958221435547,23.360000610351562
1997-12-10,61.29757308959961,24.549999237060547
1997-12-11,60.25328826904297,27.6299991607666
1997-12-12,60.37153244018555,27.920000076293945
1997-12-15,60.98232650756836,27.3700008392334
1997-12-16,61.356712341308594,26.110000610351562
1997-12-17,61.041412353515625,26.329999923706055
1997-12-18,60.45035934448242,27.190000534057617
1997-12-19,59.998497009277344,29.18000030517578
1997-12-22,60.38427734375,28.559999465942383
1997-12-23,59.306190490722656,29.860000610351562
1997-12-24,59.12810516357422,30.270000457763672
1997-12-26,59.36549758911133,29.270000457763672
1997-12-29,60.53262710571289,26.790000915527344
1997-12-30,61.48212432861328,24.3799991607666
1997-12-31,61.44257736206055,24.010000228881836
1998-01-02,61.759098052978516,23.420000076293945
1998-01-05,61.8975944519043,24.360000610351562
1998-01-06,60.90848922729492,25.65999984741211
1998-01-07,61.0667610168457,25.06999969482422
1998-01-08,60.53262710571289,26.010000228881836
1998-01-09,58.435752868652344,28.690000534057617
1998-01-12,59.50397491455078,28.020000457763672
1998-01-13,60.33482360839844,25.170000076293945
1998-01-14,60.61176681518555,23.75
1998-01-15,60.107303619384766,23.450000762939453
1998-01-16,60.967811584472656,21.649999618530273
1998-01-20,61.95692825317383,21.649999618530273
1998-01-21,61.36344909667969,22.530000686645508
1998-01-22,60.81947326660156,23.15999984741211
1998-01-23,60.73042297363281,23.31999969482422
1998-01-26,60.690879821777344,23.969999313354492
1998-01-27,61.304107666015625,22.270000457763672
1998-01-28,61.858036041259766,22.059999465942383
1998-01-29,62.19429397583008,21.649999618530273
1998-01-30,62.233856201171875,21.469999313354492
1998-02-02,63.26251220703125,21.360000610351562
1998-02-03,63.73728942871094,20.670000076293945
1998-02-04,63.658172607421875,20.549999237060547
1998-02-05,63.618621826171875,21.290000915527344
1998-02-06,64.33074188232422,20.510000228881836
1998-02-09,64.11314392089844,21.549999237060547
1998-02-10,64.72638702392578,20.65999984741211
1998-02-11,64.66703033447266,20.3799991607666
1998-02-12,64.94400024414062,19.729999542236328
1998-02-13,64.5681381225586,19.84000015258789
1998-02-17,64.8846664428711,20.760000228881836
1998-02-18,65.47810363769531,19.65999984741211
1998-02-19,65.13192749023438,19.8799991607666
1998-02-20,65.6165542602539,19.0
1998-02-23,65.87371826171875,18.989999771118164
1998-02-24,65.35942840576172,19.350000381469727
1998-02-25,66.17050170898438,18.6200008392334
1998-02-26,66.54634094238281,18.6299991607666
1998-02-27,66.54634094238281,18.549999237060547
1998-03-02,66.40786743164062,19.190000534057617
1998-03-03,66.78370666503906,19.040000915527344
1998-03-04,66.34849548339844,19.579999923706055
1998-03-05,65.73526000976562,20.93000030517578
1998-03-06,67.0606460571289,19.139999389648438
1998-03-09,66.82324981689453,20.229999542236328
1998-03-10,67.4563217163086,19.43000030517578
1998-03-11,67.77281951904297,18.889999389648438
1998-03-12,68.04974365234375,18.25
1998-03-13,67.7926025390625,18.709999084472656
1998-03-16,68.52452087402344,18.510000228881836
1998-03-17,68.72235107421875,18.65999984741211
1998-03-18,68.97949981689453,18.290000915527344
1998-03-19,69.15753173828125,17.760000228881836
1998-03-20,69.75304412841797,18.690000534057617
1998-03-23,69.59429931640625,19.979999542236328
1998-03-24,70.18944549560547,20.510000228881836
1998-03-25,69.93155670166016,22.540000915527344
1998-03-26,69.89189910888672,22.809999465942383
1998-03-27,69.59429931640625,23.469999313354492
1998-03-30,69.55461883544922,24.65999984741211
1998-03-31,69.79270935058594,24.219999313354492
1998-04-01,70.35810852050781,23.3700008392334
1998-04-02,71.12188720703125,21.979999542236328
1998-04-03,71.47897338867188,21.81999969482422
1998-04-06,70.90365600585938,22.469999313354492
1998-04-07,70.42755126953125,23.65999984741211
1998-04-08,70.03077697753906,23.170000076293945
1998-04-09,70.58624267578125,21.510000228881836
1998-04-13,70.38785552978516,22.770000457763672
1998-04-14,70.98304748535156,21.610000610351562
1998-04-15,71.18141174316406,20.889999389648438
1998-04-16,70.34817504882812,22.059999465942383
1998-04-17,71.28062438964844,20.760000228881836
1998-04-20,71.26075744628906,20.389999389648438
1998-04-21,71.59806060791016,19.90999984741211
1998-04-22,71.79640197753906,19.440000534057617
1998-04-23,71.10203552246094,20.600000381469727
1998-04-24,70.34817504882812,21.969999313354492
1998-04-27,69.01897430419922,26.09000015258789
1998-04-28,68.91980743408203,24.170000076293945
1998-04-29,69.3958969116211,22.780000686645508
1998-04-30,70.68547058105469,21.18000030517578
1998-05-01,71.47897338867188,19.34000015258789
1998-05-04,71.30047607421875,20.31999969482422
1998-05-05,70.8044662475586,21.459999084472656
1998-05-06,69.97123718261719,22.790000915527344
1998-05-07,69.4157485961914,23.389999389648438
1998-05-08,70.54657745361328,20.56999969482422
1998-05-11,70.30847930908203,21.049999237060547
1998-05-12,71.0623779296875,20.979999542236328
1998-05-13,71.24093627929688,20.440000534057617
1998-05-14,70.88382720947266,19.639999389648438
1998-05-15,70.48705291748047,20.440000534057617
1998-05-18,70.20933532714844,21.690000534057617
1998-05-19,70.68547058105469,20.389999389648438
1998-05-20,71.35995483398438,19.889999389648438
1998-05-21,70.90365600585938,19.3799991607666
1998-05-22,70.62590026855469,18.989999771118164
1998-05-26,69.4951400756836,22.06999969482422
1998-05-27,69.59429931640625,22.59000015258789
1998-05-28,69.9117660522461,20.739999771118164
1998-05-29,69.21736145019531,21.31999969482422
1998-06-01,69.5347900390625,22.829999923706055
1998-06-02,69.59429931640625,22.0
1998-06-03,68.48335266113281,22.850000381469727
1998-06-04,69.75304412841797,21.219999313354492
1998-06-05,71.10203552246094,19.780000686645508
1998-06-08,71.02269744873047,20.579999923706055
1998-06-09,71.24093627929688,20.520000457763672
1998-06-10,70.78463745117188,21.479999542236328
1998-06-11,69.45542907714844,23.56999969482422
1998-06-12,70.11012268066406,22.780000686645508
1998-06-15,68.26512908935547,25.940000534057617
1998-06-16,69.31653594970703,24.799999237060547
1998-06-17,70.76478576660156,22.889999389648438
1998-06-18,70.4473876953125,22.399999618530273
1998-06-19,70.0943832397461,21.920000076293945
1998-06-22,70.4327621459961,21.940000534057617
1998-06-23,71.26860046386719,20.170000076293945
1998-06-24,72.22389221191406,20.020000457763672
1998-06-25,72.1044692993164,20.25
1998-06-26,72.40300750732422,19.360000610351562
1998-06-29,72.66173553466797,19.56999969482422
1998-06-30,72.1641845703125,19.709999084472656
1998-07-01,73.00006103515625,18.0
1998-07-02,73.139404296875,17.670000076293945
1998-07-06,73.87577056884766,18.6299991607666
1998-07-07,73.7364273071289,18.6200008392334
1998-07-08,74.27377319335938,17.81999969482422
1998-07-09,73.7762222290039,18.15999984741211
1998-07-10,74.17428588867188,17.920000076293945
1998-07-13,74.19419860839844,18.260000228881836
1998-07-14,75.03004455566406,17.8799991607666
1998-07-15,74.8907470703125,17.889999389648438
1998-07-16,75.40821075439453,16.969999313354492
1998-07-17,75.50772094726562,16.229999542236328
1998-07-20,75.50772094726562,17.34000015258789
1998-07-21,74.19419860839844,20.100000381469727
1998-07-22,74.19419860839844,20.31999969482422
1998-07-23,72.72144317626953,23.010000228881836
1998-07-24,72.66173553466797,23.010000228881836
1998-07-27,73.17921447753906,23.1299991607666
1998-07-28,71.94526672363281,25.25
1998-07-29,71.6666259765625,24.790000915527344
1998-07-30,72.7413330078125,22.65999984741211
1998-07-31,71.18902587890625,24.799999237060547
1998-08-03,70.89047241210938,25.979999542236328
1998-08-04,68.1440200805664,31.059999465942383
1998-08-05,69.07941436767578,29.829999923706055
1998-08-06,69.37793731689453,28.200000762939453
1998-08-07,69.49735260009766,27.020000457763672
1998-08-10,69.09928894042969,28.75
1998-08-11,68.06439971923828,31.90999984741211
1998-08-12,69.21870422363281,28.549999237060547
1998-08-13,68.38285064697266,29.920000076293945
1998-08-14,67.58672332763672,34.34000015258789
1998-08-17,69.01970672607422,31.860000610351562
1998-08-18,70.29338073730469,28.399999618530273
1998-08-19,70.11428833007812,28.690000534057617
1998-08-20,69.69635009765625,30.0
1998-08-21,69.13912200927734,33.13999938964844
1998-08-24,69.57691192626953,31.799999237060547
1998-08-25,69.73616027832031,30.329999923706055
1998-08-26,69.33811950683594,31.139999389648438
1998-08-27,66.07422637939453,38.54999923706055
1998-08-28,65.83538818359375,39.599998474121094
1998-08-31,61.13856506347656,44.279998779296875
1998-09-01,63.7258186340332,36.47999954223633
1998-09-02,63.26805114746094,36.7599983215332
1998-09-03,62.7705078125,41.43000030517578
1998-09-04,62.2530517578125,43.310001373291016
1998-09-08,65.59654235839844,37.900001525878906
1998-09-09,64.00442504882812,39.65999984741211
1998-09-10,62.73073196411133,45.290000915527344
1998-09-11,64.76069641113281,43.7400016784668
1998-09-14,65.8752212524414,38.56999969482422
1998-09-15,66.27325439453125,36.58000183105469
1998-09-16,66.87027740478516,35.939998626708984
1998-09-17,64.959716796875,39.22999954223633
1998-09-18,65.24908447265625,38.630001068115234
1998-09-21,65.20915985107422,38.58000183105469
1998-09-22,65.74835205078125,36.619998931884766
1998-09-23,68.38468170166016,32.470001220703125
1998-09-24,66.70703887939453,34.65999984741211
1998-09-25,66.62712860107422,34.54999923706055
1998-09-28,67.22626495361328,34.869998931884766
1998-09-29,67.06658935546875,36.08000183105469
1998-09-30,65.02935791015625,40.95000076293945
1998-10-01,63.15201187133789,43.47999954223633
1998-10-02,64.37028503417969,40.470001220703125
1998-10-05,63.07210159301758,42.810001373291016
1998-10-06,63.0121955871582,41.20000076293945
1998-10-07,62.073482513427734,43.5099983215332
1998-10-08,61.73393630981445,45.7400016784668
1998-10-09,62.97226333618164,42.20000076293945
1998-10-12,63.890968322753906,40.06999969482422
1998-10-13,63.6712646484375,40.22999954223633
1998-10-14,64.27039337158203,38.959999084472656
1998-10-15,67.72560119628906,33.34000015258789
1998-10-16,67.74559020996094,34.81999969482422
1998-10-19,67.98527526855469,33.130001068115234
1998-10-20,68.38468170166016,33.11000061035156
1998-10-21,68.14503479003906,33.209999084472656
1998-10-22,69.16360473632812,31.530000686645508
1998-10-23,68.28486633300781,32.27000045776367
1998-10-26,68.7841567993164,32.380001068115234
1998-10-27,68.38468170166016,32.95000076293945
1998-10-28,68.26487731933594,32.41999816894531
1998-10-29,69.92254638671875,29.5
1998-10-30,70.3020248413086,28.049999237060547
1998-11-02,71.50037384033203,27.260000228881836
1998-11-03,70.98107147216797,27.760000228881836
1998-11-04,71.74002075195312,27.3700008392334
1998-11-05,72.71863555908203,26.010000228881836
1998-11-06,72.93838500976562,25.700000762939453
1998-11-09,72.41907501220703,28.09000015258789
1998-11-10,72.21935272216797,28.170000076293945
1998-11-11,71.74002075195312,28.469999313354492
1998-11-12,71.66014862060547,29.280000686645508
1998-11-13,72.35917663574219,29.030000686645508
1998-11-16,72.8984146118164,28.899999618530273
1998-11-17,72.8984146118164,27.950000762939453
1998-11-18,73.33778381347656,27.1299991607666
1998-11-19,73.9769058227539,25.5
1998-11-20,74.5361328125,22.469999313354492
1998-11-23,76.29367065429688,21.84000015258789
1998-11-24,75.81431579589844,23.280000686645508
1998-11-25,75.81431579589844,22.149999618530273
1998-11-27,76.37351989746094,22.09000015258789
1998-11-30,74.2165756225586,26.010000228881836
1998-12-01,75.17521667480469,24.969999313354492
1998-12-02,74.95552825927734,25.43000030517578
1998-12-03,73.71724700927734,28.700000762939453
1998-12-04,75.65457153320312,25.309999465942383
1998-12-07,76.01406860351562,24.899999618530273
1998-12-08,75.6745376586914,25.579999923706055
1998-12-09,75.81431579589844,25.65999984741211
1998-12-10,74.70589447021484,26.809999465942383
1998-12-11,74.85565185546875,27.719999313354492
1998-12-14,72.69871520996094,31.309999465942383
1998-12-15,74.57606506347656,29.420000076293945
1998-12-16,74.47618865966797,29.959999084472656
1998-12-17,75.66456604003906,27.959999084472656
1998-12-18,75.98604583740234,25.040000915527344
1998-12-21,77.048095703125,23.860000610351562
1998-12-22,77.38874816894531,22.780000686645508
1998-12-23,79.0118408203125,20.209999084472656
1998-12-24,78.67120361328125,21.479999542236328
1998-12-28,78.47085571289062,23.5
1998-12-29,79.71321105957031,22.18000030517578
1998-12-30,79.07198333740234,23.34000015258789
1998-12-31,79.07198333740234,24.420000076293945
1999-01-04,78.89163208007812,26.170000076293945
1999-01-05,79.79335021972656,24.459999084472656
1999-01-06,81.71703338623047,23.34000015258789
1999-01-07,81.31627655029297,24.3700008392334
1999-01-08,81.9174575805664,23.280000686645508
1999-01-11,81.13592529296875,25.459999084472656
1999-01-12,79.67313385009766,28.100000381469727
1999-01-13,79.11206817626953,30.110000610351562
1999-01-14,77.72940826416016,32.97999954223633
1999-01-15,79.75331115722656,29.239999771118164
1999-01-19,80.2743148803711,29.239999771118164
1999-01-20,80.91553497314453,28.600000381469727
1999-01-21,78.77139282226562,30.920000076293945
1999-01-22,78.59103393554688,31.950000762939453
1999-01-25,79.3926010131836,31.1299991607666
1999-01-26,80.83537292480469,29.229999542236328
1999-01-27,79.8935775756836,29.729999542236328
1999-01-28,81.2361831665039,28.110000610351562
1999-01-29,81.85734558105469,26.25
1999-02-01,81.37640380859375,27.670000076293945
1999-02-02,80.8754653930664,28.15999984741211
1999-02-03,81.697021484375,27.8799991607666
1999-02-04,80.4747085571289,29.479999542236328
1999-02-05,79.55290222167969,29.670000076293945
1999-02-08,79.71321105957031,30.270000457763672
1999-02-09,77.92976379394531,31.360000610351562
1999-02-10,78.43077087402344,30.450000762939453
1999-02-11,80.23420715332031,27.420000076293945
1999-02-12,79.27234649658203,29.760000228881836
1999-02-16,78.7914047241211,29.649999618530273
1999-02-17,78.71129608154297,30.649999618530273
1999-02-18,79.33247375488281,30.450000762939453
1999-02-19,79.67313385009766,29.299999237060547
1999-02-22,81.79723358154297,25.8700008392334
1999-02-23,81.75711822509766,26.489999771118164
1999-02-24,80.31436920166016,27.209999084472656
1999-02-25,79.55290222167969,28.010000228881836
1999-02-26,79.2322998046875,27.8799991607666
1999-03-01,79.45272064208984,28.3700008392334
1999-03-02,78.75137329101562,29.219999313354492
1999-03-03,79.17221069335938,29.040000915527344
1999-03-04,80.17411041259766,26.670000076293945
1999-03-05,81.78720092773438,24.079999923706055
1999-03-08,82.31819915771484,24.540000915527344
1999-03-09,82.11784362792969,25.020000457763672
1999-03-10,82.8392105102539,24.790000915527344
1999-03-11,83.76100158691406,24.3700008392334
1999-03-12,82.95948791503906,24.84000015258789
1999-03-15,84.14173889160156,25.239999771118164
1999-03-16,83.82111358642578,25.149999618530273
1999-03-17,83.46038818359375,25.56999969482422
1999-03-18,84.80298614501953,24.1299991607666
1999-03-19,83.36152648925781,24.31999969482422
1999-03-22,83.52224731445312,25.0
1999-03-23,81.11180114746094,27.270000457763672
1999-03-24,81.57377624511719,26.600000381469727
1999-03-25,83.24105834960938,24.329999923706055
1999-03-26,82.63845825195312,24.040000915527344
1999-03-29,84.30563354492188,23.540000915527344
1999-03-30,83.86370849609375,22.729999542236328
1999-03-31,82.51786041259766,23.260000228881836
1999-04-01,83.14057922363281,22.059999465942383
1999-04-05,85.10908508300781,22.190000534057617
1999-04-06,84.90826416015625,22.649999618530273
1999-04-07,85.59121704101562,22.809999465942383
1999-04-08,86.6759262084961,22.59000015258789
1999-04-09,86.69599151611328,21.770000457763672
1999-04-12,87.62000274658203,21.93000030517578
1999-04-13,87.05756378173828,22.729999542236328
1999-04-14,85.59121704101562,24.940000534057617
1999-04-15,85.26982879638672,23.93000030517578
1999-04-16,84.54669189453125,23.899999618530273
1999-04-19,83.24105834960938,26.420000076293945
1999-04-20,84.28553771972656,25.020000457763672
1999-04-21,86.69599151611328,23.309999465942383
1999-04-22,87.51956939697266,22.6200008392334
1999-04-23,87.298583984375,22.760000228881836
1999-04-26,87.80079650878906,23.530000686645508
1999-04-27,88.22265625,23.360000610351562
1999-04-28,87.01737213134766,24.399999618530273
1999-04-29,86.35453033447266,25.059999465942383
1999-04-30,85.65144348144531,25.06999969482422
1999-05-03,87.2182846069336,24.149999618530273
1999-05-04,85.97283172607422,25.6200008392334
1999-05-05,86.65582275390625,25.190000534057617
1999-05-06,86.12352752685547,27.440000534057617
1999-05-07,86.77635192871094,25.360000610351562
1999-05-10,86.34446716308594,26.6200008392334
1999-05-11,87.2182846069336,25.6200008392334
1999-05-12,87.90125274658203,26.1299991607666
1999-05-13,88.28288269042969,25.020000457763672
1999-05-14,85.99297332763672,26.860000610351562
1999-05-17,86.25407409667969,27.280000686645508
1999-05-18,86.0933837890625,27.260000228881836
1999-05-19,86.71607208251953,25.079999923706055
1999-05-20,86.19381713867188,24.459999084472656
1999-05-21,85.71172332763672,24.399999618530273
1999-05-24,84.28553771972656,27.6200008392334
1999-05-25,82.91963958740234,28.899999618530273
1999-05-26,83.84364318847656,27.56999969482422
1999-05-27,82.63845825195312,28.1200008392334
1999-05-28,83.69297790527344,25.389999389648438
1999-06-01,83.40167999267578,26.6200008392334
1999-06-02,83.48208618164062,26.209999084472656
1999-06-03,83.94408416748047,26.200000762939453
1999-06-04,85.63140106201172,23.43000030517578
1999-06-07,85.85234069824219,23.780000686645508
1999-06-08,85.00868225097656,24.020000457763672
1999-06-09,84.92832946777344,23.899999618530273
1999-06-10,84.14493560791016,25.31999969482422
1999-06-11,83.44187927246094,25.899999618530273
1999-06-14,83.52224731445312,26.510000228881836
1999-06-15,84.08467864990234,25.90999984741211
1999-06-16,85.691650390625,22.399999618530273
1999-06-17,86.49510955810547,21.950000762939453
1999-06-18,86.59505462646484,21.75
1999-06-21,86.79656219482422,21.809999465942383
1999-06-22,86.19208526611328,21.700000762939453
1999-06-23,85.76905059814453,21.31999969482422
1999-06-24,85.12427520751953,23.059999465942383
1999-06-25,84.91272735595703,21.760000228881836
1999-06-28,85.95037841796875,22.6299991607666
1999-06-29,86.75624084472656,22.510000228881836
1999-06-30,88.32778930664062,21.09000015258789
1999-07-01,88.9926528930664,19.690000534057617
1999-07-02,89.87914276123047,18.65999984741211
1999-07-06,89.85897827148438,20.729999542236328
1999-07-07,89.97986602783203,20.350000381469727
1999-07-08,90.0504150390625,20.239999771118164
1999-07-09,90.58430480957031,17.959999084472656
1999-07-12,90.18138885498047,19.729999542236328
1999-07-13,89.85897827148438,19.950000762939453
1999-07-14,90.36271667480469,19.709999084472656
1999-07-15,90.93689727783203,18.68000030517578
1999-07-16,91.43054962158203,17.420000076293945
1999-07-19,90.82609558105469,19.06999969482422
1999-07-20,88.96244812011719,21.790000915527344
1999-07-21,88.86166381835938,21.459999084472656
1999-07-22,87.693115234375,23.049999237060547
1999-07-23,87.52185821533203,23.31999969482422
1999-07-26,86.87714385986328,24.979999542236328
1999-07-27,87.60246276855469,23.229999542236328
1999-07-28,87.88452911376953,22.850000381469727
1999-07-29,86.65547943115234,24.520000457763672
1999-07-30,85.58770751953125,24.639999389648438
1999-08-02,85.7891616821289,25.59000015258789
1999-08-03,85.38619995117188,26.270000457763672
1999-08-04,84.2176284790039,27.399999618530273
1999-08-05,84.98324584960938,27.010000228881836
1999-08-06,84.05643463134766,26.600000381469727
1999-08-09,83.8750991821289,27.65999984741211
1999-08-10,82.94831848144531,28.450000762939453
1999-08-11,83.95571899414062,25.389999389648438
1999-08-12,83.90534210205078,25.030000686645508
1999-08-13,85.849609375,22.309999465942383
1999-08-16,86.23242950439453,23.06999969482422
1999-08-17,86.79656219482422,21.670000076293945
1999-08-18,86.17196655273438,23.299999237060547
1999-08-19,85.46680450439453,24.389999389648438
1999-08-20,86.33314514160156,22.950000762939453
1999-08-23,87.98528289794922,22.549999237060547
1999-08-24,88.30762481689453,22.399999618530273
1999-08-25,89.21430206298828,20.959999084472656
1999-08-26,88.14646911621094,21.209999084472656
1999-08-27,87.07859802246094,21.829999923706055
1999-08-30,85.46680450439453,24.6299991607666
1999-08-31,85.14444732666016,24.450000762939453
1999-09-01,86.19208526611328,22.93000030517578
1999-09-02,85.17464447021484,24.530000686645508
1999-09-03,87.66288757324219,20.979999542236328
1999-09-07,87.34052276611328,23.440000534057617
1999-09-08,86.91741943359375,23.81999969482422
1999-09-09,86.87714385986328,23.010000228881836
1999-09-10,87.60246276855469,22.030000686645508
1999-09-13,87.00811767578125,22.889999389648438
1999-09-14,86.43385314941406,23.770000457763672
1999-09-15,85.06382751464844,24.559999465942383
1999-09-16,85.39630126953125,25.25
1999-09-17,86.47528839111328,23.299999237060547
1999-09-20,86.3540267944336,24.030000686645508
1999-09-21,84.53562927246094,25.649999618530273
1999-09-22,84.4447250366211,25.190000534057617
1999-09-23,82.6768569946289,27.84000015258789
1999-09-24,82.59602355957031,27.790000915527344
1999-09-27,83.14151000976562,26.399999618530273
1999-09-28,82.97987365722656,26.059999465942383
1999-09-29,81.98987579345703,26.489999771118164
1999-09-30,83.24258422851562,25.40999984741211
1999-10-01,83.06072235107422,24.93000030517578
1999-10-04,84.53562927246094,24.459999084472656
1999-10-05,84.45481872558594,24.790000915527344
1999-10-06,85.74789428710938,22.059999465942383
1999-10-07,85.26299285888672,23.579999923706055
1999-10-08,86.55609130859375,20.489999771118164
1999-10-11,86.41466522216797,20.6299991607666
1999-10-12,85.08116149902344,22.84000015258789
1999-10-13,82.87886810302734,25.959999084472656
1999-10-14,82.85862731933594,26.049999237060547
1999-10-15,80.73719024658203,28.75
1999-10-18,81.32313537597656,28.190000534057617
1999-10-19,82.1110610961914,26.559999465942383
1999-10-20,82.9193115234375,23.899999618530273
1999-10-21,83.40421295166016,24.020000457763672
1999-10-22,84.11133575439453,21.639999389648438
1999-10-25,83.68702697753906,23.600000381469727
1999-10-26,82.63643646240234,24.260000228881836
1999-10-27,84.13153076171875,24.200000762939453
1999-10-28,87.00057220458984,21.34000015258789
1999-10-29,88.5765609741211,22.200000762939453
1999-11-01,87.6470947265625,22.09000015258789
1999-11-02,87.020751953125,23.100000381469727
1999-11-03,87.60673522949219,23.15999984741211
1999-11-04,88.27349090576172,23.0
1999-11-05,89.14227294921875,21.65999984741211
1999-11-08,89.22309112548828,21.8700008392334
1999-11-09,88.38462829589844,22.700000762939453
1999-11-10,89.04127502441406,22.260000228881836
1999-11-11,89.54634857177734,22.06999969482422
1999-11-12,90.35456085205078,21.649999618530273
1999-11-15,90.566650390625,22.739999771118164
1999-11-16,91.32431030273438,20.729999542236328
1999-11-17,91.56684112548828,20.959999084472656
1999-11-18,92.2133560180664,19.760000228881836
1999-11-19,92.13252258300781,19.110000610351562
1999-11-22,92.11231994628906,19.979999542236328
1999-11-23,91.30413818359375,21.0
1999-11-24,91.78903198242188,20.260000228881836
1999-11-26,91.44559478759766,22.329999923706055
1999-11-29,91.12232971191406,23.56999969482422
1999-11-30,90.05145263671875,24.18000030517578
1999-12-01,90.77886199951172,22.229999542236328
1999-12-02,91.32431030273438,21.770000457763672
1999-12-03,93.00129699707031,19.31999969482422
1999-12-06,92.31436157226562,20.579999923706055
1999-12-07,91.56684112548828,21.09000015258789
1999-12-08,90.98089599609375,21.25
1999-12-09,91.4254150390625,21.190000534057617
1999-12-10,91.72845458984375,21.479999542236328
1999-12-13,91.89007568359375,21.719999313354492
1999-12-14,91.00106811523438,23.059999465942383
1999-12-15,91.48600769042969,22.030000686645508
1999-12-16,91.89007568359375,21.90999984741211
1999-12-17,92.48020935058594,21.350000381469727
1999-12-20,91.81182098388672,23.780000686645508
1999-12-21,93.20928955078125,22.65999984741211
1999-12-22,93.45240783691406,22.43000030517578
1999-12-23,94.94104766845703,21.1200008392334
1999-12-27,94.80944061279297,23.06999969482422
1999-12-28,94.74864196777344,22.969999313354492
1999-12-29,95.15375518798828,23.09000015258789
1999-12-30,95.0423812866211,24.760000228881836
1999-12-31,95.19427490234375,24.639999389648438
2000-01-03,94.26260375976562,24.209999084472656
2000-01-04,90.57633209228516,27.010000228881836
2000-01-05,90.73838806152344,26.40999984741211
2000-01-06,89.28005981445312,25.729999542236328
2000-01-07,94.465087890625,21.719999313354492
2000-01-10,94.78919982910156,21.709999084472656
2000-01-11,93.65492248535156,22.5
2000-01-12,92.72322845458984,22.84000015258789
2000-01-13,93.97898864746094,21.709999084472656
2000-01-14,95.2550277709961,19.65999984741211
2000-01-18,94.50559997558594,21.5
2000-01-19,95.2752914428711,21.719999313354492
2000-01-20,93.81698608398438,21.75
2000-01-21,93.61444091796875,20.81999969482422
2000-01-24,90.96112060546875,24.06999969482422
2000-01-25,91.99412536621094,23.020000457763672
2000-01-26,91.26496887207031,23.030000686645508
2000-01-27,90.90033721923828,23.540000915527344
2000-01-28,88.06481170654297,26.139999389648438
2000-01-31,90.45477294921875,24.950000762939453
2000-02-01,91.34599304199219,23.450000762939453
2000-02-02,91.42698669433594,23.1200008392334
2000-02-03,92.80427551269531,22.010000228881836
2000-02-04,92.41942596435547,21.540000915527344
2000-02-07,92.27766418457031,22.790000915527344
2000-02-08,93.533447265625,21.25
2000-02-09,91.56877899169922,22.899999618530273
2000-02-10,91.75103759765625,23.06999969482422
2000-02-11,89.88768005371094,24.420000076293945
2000-02-14,90.41427612304688,24.3799991607666
2000-02-15,91.4371337890625,22.920000076293945
2000-02-16,90.0902328491211,23.510000228881836
2000-02-17,89.62437438964844,23.170000076293945
2000-02-18,87.70024108886719,26.0
2000-02-22,87.47745513916016,25.860000610351562
2000-02-23,88.51042938232422,23.889999389648438
2000-02-24,86.72801971435547,24.3799991607666
2000-02-25,86.41412353515625,25.200000762939453
2000-02-28,88.22681427001953,24.68000030517578
2000-02-29,89.07758331298828,23.3700008392334
2000-03-01,89.72563934326172,21.639999389648438
2000-03-02,89.7863998413086,21.059999465942383
2000-03-03,91.46749114990234,19.209999084472656
2000-03-06,90.57633209228516,21.5
2000-03-07,88.82435607910156,24.309999465942383
2000-03-08,88.71294403076172,23.81999969482422
2000-03-09,91.30546569824219,22.209999084472656
2000-03-10,90.81937408447266,21.239999771118164
2000-03-13,89.82688903808594,22.850000381469727
2000-03-14,88.55089569091797,24.40999984741211
2000-03-15,90.6168441772461,22.34000015258789
2000-03-16,94.8499526977539,20.770000457763672
2000-03-17,95.47681427001953,22.3700008392334
2000-03-20,94.98949432373047,22.959999084472656
2000-03-21,96.93878936767578,21.700000762939453
2000-03-22,97.52765655517578,21.489999771118164
2000-03-23,99.19271087646484,22.260000228881836
2000-03-24,99.78157806396484,23.309999465942383
2000-03-27,98.72565460205078,24.530000686645508
2000-03-28,98.1571273803711,24.860000610351562
2000-03-29,98.2586669921875,24.100000381469727
2000-03-30,96.6139144897461,25.469999313354492
2000-03-31,97.71040344238281,24.110000610351562
2000-04-03,98.27899932861328,24.030000686645508
2000-04-04,97.54794311523438,27.1200008392334
2000-04-05,96.93878936767578,28.40999984741211
2000-04-06,97.78150939941406,27.149999618530273
2000-04-07,98.40077209472656,24.389999389648438
2000-04-10,98.01497650146484,25.989999771118164
2000-04-11,97.73069763183594,27.25
2000-04-12,95.05035400390625,28.979999542236328
2000-04-13,93.73051452636719,29.399999618530273
2000-04-14,88.36985778808594,33.4900016784668
2000-04-17,91.45631408691406,28.950000762939453
2000-04-18,93.8726577758789,26.1200008392334
2000-04-19,92.99952697753906,27.020000457763672
2000-04-20,93.44622039794922,25.850000381469727
2000-04-24,92.4310073852539,27.3700008392334
2000-04-25,96.26871490478516,25.239999771118164
2000-04-26,95.182373046875,26.969999313354492
2000-04-27,94.86760711669922,26.190000534057617
2000-04-28,94.2787857055664,26.200000762939453
2000-05-01,95.55807495117188,25.8799991607666
2000-05-02,93.64932250976562,28.5
2000-05-03,91.45631408691406,31.6299991607666
2000-05-04,92.14669799804688,30.770000457763672
2000-05-05,93.26346588134766,27.530000686645508
2000-05-08,92.56294250488281,28.200000762939453
2000-05-09,91.82179260253906,28.93000030517578
2000-05-10,89.75061798095703,29.8700008392334
2000-05-11,91.80146026611328,27.760000228881836
2000-05-12,92.79646301269531,26.049999237060547
2000-05-15,94.40067291259766,24.860000610351562
2000-05-16,95.31439208984375,24.34000015258789
2000-05-17,94.31938171386719,23.979999542236328
2000-05-18,93.16197204589844,23.959999084472656
2000-05-19,91.69993591308594,25.440000534057617
2000-05-22,91.00958251953125,26.0
2000-05-23,89.6694107055664,25.8700008392334
2000-05-24,91.13139343261719,24.31999969482422
2000-05-25,89.56787872314453,24.579999923706055
2000-05-26,89.6694107055664,24.469999313354492
2000-05-30,92.59341430664062,23.6200008392334
2000-05-31,92.79646301269531,23.649999618530273
2000-06-01,94.42088317871094,22.360000610351562
2000-06-02,96.06565856933594,21.479999542236328
2000-06-05,95.59858703613281,22.709999084472656
2000-06-06,95.1722183227539,23.049999237060547
2000-06-07,95.83219146728516,22.479999542236328
2000-06-08,95.45648193359375,22.770000457763672
2000-06-09,95.25342559814453,22.139999389648438
2000-06-12,94.13665008544922,22.31999969482422
2000-06-13,95.90318298339844,21.670000076293945
2000-06-14,96.06565856933594,21.479999542236328
2000-06-15,96.26871490478516,20.68000030517578
2000-06-16,95.47770690917969,20.5
2000-06-19,96.69889831542969,20.6299991607666
2000-06-20,96.3528823852539,20.8799991607666
2000-06-21,96.31221771240234,20.610000610351562
2000-06-22,94.84674072265625,22.0
2000-06-23,94.03265380859375,22.34000015258789
2000-06-26,95.24366760253906,22.450000762939453
2000-06-27,94.54148864746094,21.799999237060547
2000-06-28,94.80608367919922,20.290000915527344
2000-06-29,93.91050720214844,19.700000762939453
2000-06-30,94.62288665771484,19.540000915527344
2000-07-03,95.92549896240234,19.829999923706055
2000-07-05,94.19546508789062,21.15999984741211
2000-07-06,94.92814636230469,20.940000534057617
2000-07-07,96.45465850830078,19.219999313354492
2000-07-10,96.2918472290039,20.329999923706055
2000-07-11,96.49537658691406,20.110000610351562
2000-07-12,97.1263656616211,20.030000686645508
2000-07-13,97.55374145507812,20.030000686645508
2000-07-14,98.51033020019531,19.31999969482422
2000-07-17,98.34754180908203,19.450000762939453
2000-07-18,97.54356384277344,19.75
2000-07-19,96.75995635986328,19.649999618530273
2000-07-20,98.10331726074219,18.940000534057617
2000-07-21,96.1900863647461,18.940000534057617
2000-07-24,95.64051055908203,19.920000076293945
2000-07-25,95.9458236694336,19.389999389648438
2000-07-26,95.00958251953125,19.670000076293945
2000-07-27,94.68397521972656,19.600000381469727
2000-07-28,92.54684448242188,20.84000015258789
2000-07-31,93.13707733154297,20.739999771118164
2000-08-01,93.70695495605469,20.549999237060547
2000-08-02,94.17511749267578,20.0
2000-08-03,94.826416015625,19.989999771118164
2000-08-04,95.33523559570312,18.6200008392334
2000-08-07,96.47503662109375,19.030000686645508
2000-08-08,96.84141540527344,18.790000915527344
2000-08-09,96.02727508544922,19.18000030517578
2000-08-10,95.55913543701172,19.190000534057617
2000-08-11,96.00691223144531,18.549999237060547
2000-08-14,97.22809600830078,17.8799991607666
2000-08-15,97.14665985107422,17.979999542236328
2000-08-16,96.80066680908203,18.020000457763672
2000-08-17,97.81834411621094,17.479999542236328
2000-08-18,97.49272155761719,17.049999237060547
2000-08-21,98.02188110351562,17.350000381469727
2000-08-22,97.85906982421875,17.469999313354492
2000-08-23,98.24576568603516,17.3799991607666
2000-08-24,98.55109405517578,17.040000915527344
2000-08-25,98.51033020019531,16.530000686645508
2000-08-28,98.84616088867188,16.540000915527344
2000-08-29,98.86654663085938,16.889999389648438
2000-08-30,97.9200668334961,17.690000534057617
2000-08-31,99.22271728515625,16.84000015258789
2000-09-01,99.32452392578125,17.530000686645508
2000-09-05,98.5307388305664,19.81999969482422
2000-09-06,97.41129302978516,20.790000915527344
2000-09-07,98.24576568603516,19.420000076293945
2000-09-08,97.5740966796875,18.459999084472656
2000-09-11,97.431640625,18.399999618530273
2000-09-12,96.71923828125,18.59000015258789
2000-09-13,96.9736557006836,18.31999969482422
2000-09-14,97.46217346191406,18.260000228881836
2000-09-15,95.32989501953125,18.520000457763672
2000-09-18,94.4525146484375,20.25
2000-09-19,95.30951690673828,19.540000915527344
2000-09-20,94.60553741455078,19.93000030517578
2000-09-21,93.16702270507812,20.18000030517578
2000-09-22,94.86061096191406,20.739999771118164
2000-09-25,94.18721008300781,21.40999984741211
2000-09-26,92.9833755493164,21.8799991607666
2000-09-27,93.47309875488281,21.670000076293945
2000-09-28,94.67693328857422,19.469999313354492
2000-09-29,93.77915954589844,20.56999969482422
2000-10-02,93.92196655273438,21.229999542236328
2000-10-03,93.04459381103516,21.850000381469727
2000-10-04,93.8199691772461,21.540000915527344
2000-10-05,94.14644622802734,21.030000686645508
2000-10-06,92.10597229003906,22.709999084472656
2000-10-09,91.4122314453125,24.020000457763672
2000-10-10,89.90230560302734,24.860000610351562
2000-10-11,89.14730834960938,26.56999969482422
2000-10-12,86.92322540283203,30.510000228881836
2000-10-13,89.82068634033203,27.600000381469727
2000-10-16,90.2287826538086,26.790000915527344
2000-10-17,87.9842758178711,27.84000015258789
2000-10-18,87.65779876708984,28.719999313354492
2000-10-19,90.96337890625,25.09000015258789
2000-10-20,91.35102844238281,24.239999771118164
2000-10-23,91.75910186767578,24.690000534057617
2000-10-24,91.14693450927734,24.280000686645508
2000-10-25,89.00446319580078,26.649999618530273
2000-10-26,89.24934387207031,28.6200008392334
2000-10-27,90.94293975830078,26.469999313354492
2000-10-30,91.75910186767578,25.459999084472656
2000-10-31,93.3404312133789,23.6299991607666
2000-11-01,93.02418518066406,24.280000686645508
2000-11-02,93.17720794677734,23.920000076293945
2000-11-03,93.22822570800781,23.670000076293945
2000-11-06,93.88117218017578,24.520000457763672
2000-11-07,93.86074829101562,24.90999984741211
2000-11-08,91.77954864501953,25.65999984741211
2000-11-09,91.4326400756836,27.200000762939453
2000-11-10,89.20855712890625,28.530000686645508
2000-11-13,88.51477813720703,29.059999465942383
2000-11-14,90.84089660644531,26.809999465942383
2000-11-15,91.12657928466797,26.149999618530273
2000-11-16,89.6982650756836,25.049999237060547
2000-11-17,89.21871948242188,24.809999465942383
2000-11-20,87.9434585571289,27.43000030517578
2000-11-21,88.39237213134766,26.6200008392334
2000-11-22,86.28050231933594,27.709999084472656
2000-11-24,88.04547882080078,26.0
2000-11-27,88.82088470458984,26.93000030517578
2000-11-28,87.29052734375,27.639999389648438
2000-11-29,87.1272201538086,27.489999771118164
2000-11-30,86.372314453125,29.649999618530273
2000-12-01,86.33151245117188,27.479999542236328
2000-12-04,87.06609344482422,27.780000686645508
2000-12-05,89.92268371582031,24.989999771118164
2000-12-06,88.48413848876953,25.06999969482422
2000-12-07,87.27010345458984,25.34000015258789
2000-12-08,87.47418975830078,22.40999984741211
2000-12-11,90.514404296875,23.510000228881836
2000-12-12,90.1267318725586,24.8799991607666
2000-12-13,88.89228820800781,23.6299991607666
2000-12-14,87.75982666015625,24.860000610351562
2000-12-15,85.77763366699219,26.549999237060547
2000-12-18,86.92378997802734,27.700000762939453
2000-12-19,85.15338134765625,27.170000076293945
2000-12-20,82.68707275390625,31.739999771118164
2000-12-21,83.26014709472656,29.65999984741211
2000-12-22,85.75714874267578,27.549999237060547
2000-12-26,86.67816162109375,28.729999542236328
2000-12-27,87.31267547607422,28.139999389648438
2000-12-28,87.57872772216797,26.56999969482422
2000-12-29,85.9208984375,26.850000381469727
2001-01-02,84.36540222167969,29.989999771118164
2001-01-03,88.41786193847656,26.600000381469727
2001-01-04,87.46615600585938,26.969999313354492
2001-01-05,84.61102294921875,28.670000076293945
2001-01-08,85.26592254638672,29.84000015258789
2001-01-09,85.04081726074219,27.989999771118164
2001-01-10,86.5349349975586,26.799999237060547
2001-01-11,86.61675262451172,25.790000915527344
2001-01-12,86.45305633544922,24.559999465942383
2001-01-16,87.00565338134766,25.280000686645508
2001-01-17,87.40475463867188,24.93000030517578
2001-01-18,88.27459716796875,23.3700008392334
2001-01-19,87.7731704711914,23.239999771118164
2001-01-22,88.35649108886719,23.25
2001-01-23,89.0523681640625,21.56999969482422
2001-01-24,89.31842803955078,22.030000686645508
2001-01-25,89.09332275390625,22.639999389648438
2001-01-26,88.99093627929688,22.56999969482422
2001-01-29,89.46578979492188,22.610000610351562
2001-01-30,90.25172424316406,22.56999969482422
2001-01-31,89.7408676147461,22.020000457763672
2001-02-01,90.33688354492188,21.65999984741211
2001-02-02,88.28691864013672,21.950000762939453
2001-02-05,88.93528747558594,22.190000534057617
2001-02-06,88.67329406738281,21.979999542236328
2001-02-07,88.21485900878906,21.670000076293945
2001-02-08,87.18659973144531,21.459999084472656
2001-02-09,86.34825897216797,22.030000686645508
2001-02-12,87.33720397949219,21.920000076293945
2001-02-13,86.62334442138672,21.3700008392334
2001-02-14,86.49235534667969,21.520000457763672
2001-02-15,87.33064270019531,20.270000457763672
2001-02-16,85.40513610839844,22.1200008392334
2001-02-20,84.08865356445312,24.690000534057617
2001-02-21,82.27446746826172,25.75
2001-02-22,82.39891052246094,26.760000228881836
2001-02-23,81.84221649169922,27.209999084472656
2001-02-26,83.58438873291016,25.43000030517578
2001-02-27,82.81153106689453,26.489999771118164
2001-02-28,81.18070220947266,28.350000381469727
2001-03-01,81.60643768310547,28.079999923706055
2001-03-02,80.95806884765625,27.43000030517578
2001-03-05,81.6980972290039,27.1200008392334
2001-03-06,82.57572937011719,25.889999389648438
2001-03-07,83.16519927978516,24.1200008392334
2001-03-08,83.25690460205078,24.290000915527344
2001-03-09,80.79425811767578,25.6200008392334
2001-03-12,77.3362045288086,30.31999969482422
2001-03-13,78.60677337646484,27.549999237060547
2001-03-14,77.0545654296875,29.610000610351562
2001-03-15,77.07421112060547,28.559999465942383
2001-03-16,75.52828979492188,29.90999984741211
2001-03-19,77.06501007080078,29.780000686645508
2001-03-20,74.9963607788086,30.959999084472656
2001-03-21,73.72233581542969,31.93000030517578
2001-03-22,72.97369384765625,32.84000015258789
2001-03-23,75.18022918701172,30.450000762939453
2001-03-26,76.13904571533203,29.040000915527344
2001-03-27,77.69544982910156,27.040000915527344
2001-03-28,75.5479965209961,28.579999923706055
2001-03-29,75.83694458007812,29.170000076293945
2001-03-30,76.63157653808594,28.639999389648438
2001-04-02,74.9963607788086,31.209999084472656
2001-04-03,72.49432373046875,34.720001220703125
2001-04-04,72.79637145996094,34.06999969482422
2001-04-05,75.5545654296875,29.940000534057617
2001-04-06,74.40532684326172,31.690000534057617
2001-04-09,75.23280334472656,31.90999984741211
2001-04-10,76.60530090332031,29.440000534057617
2001-04-11,76.65779113769531,28.459999084472656
2001-04-12,78.05006408691406,26.1200008392334
2001-04-16,77.22915649414062,26.329999923706055
2001-04-17,78.3193130493164,25.610000610351562
2001-04-18,81.43212127685547,24.1299991607666
2001-04-19,82.51567840576172,24.15999984741211
2001-04-20,81.760498046875,25.3799991607666
2001-04-23,80.27632141113281,28.15999984741211
2001-04-24,79.84290313720703,28.489999771118164
2001-04-25,80.88706970214844,27.399999618530273
2001-04-26,81.24826049804688,25.959999084472656
2001-04-27,82.60104370117188,24.020000457763672
2001-04-30,83.17899322509766,25.479999542236328
2001-05-01,83.43507385253906,24.200000762939453
2001-05-02,83.28404998779297,24.229999542236328
2001-05-03,82.22676849365234,25.780000686645508
2001-05-04,83.62554168701172,23.90999984741211
2001-05-07,82.9031982421875,24.860000610351562
2001-05-08,82.86375427246094,24.440000534057617
2001-05-09,82.51567840576172,24.350000381469727
2001-05-10,82.75865936279297,24.0
2001-05-11,82.18734741210938,23.540000915527344
2001-05-14,82.35152435302734,24.260000228881836
2001-05-15,82.73241424560547,23.709999084472656
2001-05-16,84.68282318115234,21.889999389648438
2001-05-17,84.81419372558594,21.469999313354492
2001-05-18,85.20165252685547,21.229999542236328
2001-05-21,86.45599365234375,20.760000228881836
2001-05-22,86.34435272216797,21.350000381469727
2001-05-23,84.87983703613281,22.079999923706055
2001-05-24,85.1294174194336,20.56999969482422
2001-05-25,84.12462615966797,20.600000381469727
2001-05-29,83.45478057861328,22.139999389648438
2001-05-30,82.28588104248047,22.760000228881836
2001-05-31,82.71270751953125,22.639999389648438
2001-06-01,83.2249755859375,21.59000015258789
2001-06-04,83.62554168701172,21.3799991607666
2001-06-05,84.58432006835938,19.579999923706055
2001-06-06,83.88166046142578,20.389999389648438
2001-06-07,84.18374633789062,19.670000076293945
2001-06-08,83.4022445678711,19.920000076293945
2001-06-11,82.81123352050781,20.700000762939453
2001-06-12,82.66676330566406,20.700000762939453
2001-06-13,81.95748138427734,21.450000762939453
2001-06-14,80.11869812011719,23.1200008392334
2001-06-15,80.24779510498047,22.809999465942383
2001-06-18,79.85921478271484,23.170000076293945
2001-06-19,80.2082748413086,22.34000015258789
2001-06-20,80.62973022460938,21.709999084472656
2001-06-21,81.5451889038086,19.3799991607666
2001-06-22,80.90640258789062,20.020000457763672
2001-06-25,80.16216278076172,20.670000076293945
2001-06-26,80.05022430419922,21.200000762939453
2001-06-27,80.00409698486328,20.8799991607666
2001-06-28,80.44532775878906,20.010000228881836
2001-06-29,80.74173736572266,19.059999465942383
2001-07-02,81.7493667602539,18.760000228881836
2001-07-03,81.7295913696289,18.920000076293945
2001-07-05,80.13584899902344,20.09000015258789
2001-07-06,78.40377044677734,21.6299991607666
2001-07-09,78.83182525634766,22.479999542236328
2001-07-10,77.88346099853516,23.25
2001-07-11,77.96249389648438,24.010000228881836
2001-07-12,79.8131332397461,22.09000015258789
2001-07-13,80.5046615600586,21.139999389648438
2001-07-16,79.49700927734375,22.90999984741211
2001-07-17,80.24118041992188,22.610000610351562
2001-07-18,79.694580078125,23.600000381469727
2001-07-19,80.39264678955078,22.510000228881836
2001-07-20,79.91194915771484,22.34000015258789
2001-07-23,78.3379135131836,23.739999771118164
2001-07-24,77.58057403564453,25.239999771118164
2001-07-25,78.43670654296875,24.0
2001-07-26,79.25992584228516,23.010000228881836
2001-07-27,79.56288146972656,22.0
2001-07-30,79.58921813964844,22.690000534057617
2001-07-31,79.91849517822266,21.6200008392334
2001-08-01,80.41901397705078,20.559999465942383
2001-08-02,80.74830627441406,20.09000015258789
2001-08-03,80.30706787109375,19.889999389648438
2001-08-06,79.22699737548828,21.889999389648438
2001-08-07,79.5365219116211,21.010000228881836
2001-08-08,78.06133270263672,22.31999969482422
2001-08-09,78.29180908203125,21.75
2001-08-10,78.5618667602539,20.549999237060547
2001-08-13,78.58158874511719,20.420000076293945
2001-08-14,78.54869842529297,20.479999542236328
2001-08-15,77.87032318115234,20.90999984741211
2001-08-16,78.14031982421875,21.540000915527344
2001-08-17,76.88904571533203,23.84000015258789
2001-08-20,77.60030364990234,22.8700008392334
2001-08-21,76.27656555175781,24.399999618530273
2001-08-22,77.06682586669922,22.440000534057617
2001-08-23,76.79024505615234,22.229999542236328
2001-08-24,78.384033203125,19.709999084472656
2001-08-27,77.91642761230469,20.559999465942383
2001-08-28,76.77709197998047,22.0
2001-08-29,76.09219360351562,23.030000686645508
2001-08-30,74.63011169433594,25.40999984741211
2001-08-31,75.17671966552734,24.920000076293945
2001-09-04,74.69596862792969,25.850000381469727
2001-09-05,74.88036346435547,26.350000381469727
2001-09-06,72.95072174072266,28.610000610351562
2001-09-07,71.60066986083984,30.989999771118164
2001-09-10,72.47655487060547,31.84000015258789
2001-09-17,68.68971252441406,41.7599983215332
2001-09-18,68.52506256103516,38.869998931884766
2001-09-19,67.14208984375,40.560001373291016
2001-09-20,65.0082778930664,43.7400016784668
2001-09-21,64.3069076538086,42.65999984741211
2001-09-24,66.56771087646484,37.75
2001-09-25,67.2618179321289,35.810001373291016
2001-09-26,67.0238265991211,35.2599983215332
2001-09-27,67.60550689697266,34.0
2001-09-28,69.04000091552734,31.93000030517578
2001-10-01,68.9276351928711,32.31999969482422
2001-10-02,69.79359436035156,31.18000030517578
2001-10-03,70.96365356445312,31.34000015258789
2001-10-04,71.02316284179688,31.969999313354492
2001-10-05,70.88436126708984,33.38999938964844
2001-10-08,70.42162322998047,35.119998931884766
2001-10-09,70.04481506347656,34.83000183105469
2001-10-10,71.60491180419922,31.600000381469727
2001-10-11,72.71546173095703,31.5
2001-10-12,72.38493347167969,35.27000045776367
2001-10-15,72.25273895263672,35.310001373291016
2001-10-16,72.70885467529297,32.880001068115234
2001-10-17,71.1619873046875,35.08000183105469
2001-10-18,71.00994110107422,34.95000076293945
2001-10-19,70.96365356445312,34.11000061035156
2001-10-22,72.3651351928711,32.25
2001-10-23,71.99490356445312,32.0
2001-10-24,71.80321502685547,30.950000762939453
2001-10-25,73.0922622680664,29.459999084472656
2001-10-26,72.9269790649414,28.420000076293945
2001-10-29,71.0297622680664,31.639999389648438
2001-10-30,70.17701721191406,33.459999084472656
2001-10-31,69.93905639648438,33.560001373291016
2001-11-01,71.73048400878906,32.310001373291016
2001-11-02,72.21967315673828,30.709999084472656
2001-11-05,73.16496276855469,30.5
2001-11-06,74.30199432373047,28.799999237060547
2001-11-07,74.20281982421875,29.1299991607666
2001-11-08,74.43415069580078,28.6200008392334
2001-11-09,74.51351165771484,27.440000534057617
2001-11-12,74.05741119384766,29.350000381469727
2001-11-13,75.72322845458984,26.469999313354492
2001-11-14,75.79592895507812,26.559999465942383
2001-11-15,75.93475341796875,25.559999465942383
2001-11-16,75.59765625,25.06999969482422
2001-11-19,76.5296859741211,24.459999084472656
2001-11-20,75.88850402832031,24.1200008392334
2001-11-21,75.38609313964844,24.190000534057617
2001-11-23,76.4702377319336,23.25
2001-11-26,76.63548278808594,23.790000915527344
2001-11-27,76.30494689941406,24.0
2001-11-28,74.92337036132812,25.899999618530273
2001-11-29,75.93475341796875,25.18000030517578
2001-11-30,75.39274597167969,23.84000015258789
2001-12-03,74.94320678710938,25.770000457763672
2001-12-04,76.2124252319336,24.079999923706055
2001-12-05,77.60723114013672,23.020000457763672
2001-12-06,77.56756591796875,23.709999084472656
2001-12-07,77.05194854736328,23.489999771118164
2001-12-10,75.61084747314453,25.6200008392334
2001-12-11,75.45880889892578,25.299999237060547
2001-12-12,75.54475402832031,24.8700008392334
2001-12-13,74.0772476196289,25.90999984741211
2001-12-14,74.78453063964844,24.6299991607666
2001-12-17,75.55802154541016,24.260000228881836
2001-12-18,76.00747680664062,23.290000915527344
2001-12-19,76.5429458618164,22.579999923706055
2001-12-20,75.78936004638672,23.670000076293945
2001-12-21,76.2490005493164,22.5
2001-12-24,76.10309600830078,22.6200008392334
2001-12-26,76.52095794677734,22.290000915527344
2001-12-27,76.98529815673828,21.59000015258789
2001-12-28,76.94548797607422,21.399999618530273
2001-12-31,75.81786346435547,23.799999237060547
2002-01-02,76.6337661743164,22.709999084472656
2002-01-03,77.50273895263672,21.34000015258789
2002-01-04,78.02008056640625,20.450000762939453
2002-01-07,77.46951293945312,21.940000534057617
2002-01-08,77.2904052734375,21.829999923706055
2002-01-09,76.66029357910156,22.1299991607666
2002-01-10,76.99858093261719,22.360000610351562
2002-01-11,76.24238586425781,22.600000381469727
2002-01-14,75.7647705078125,23.579999923706055
2002-01-15,76.38170623779297,22.700000762939453
2002-01-16,74.8361587524414,23.450000762939453
2002-01-17,75.39995574951172,22.25
2002-01-18,75.05502319335938,22.520000457763672
2002-01-22,74.53766632080078,23.610000610351562
2002-01-23,75.10810852050781,21.8799991607666
2002-01-24,75.34029388427734,21.149999618530273
2002-01-25,75.32038879394531,21.010000228881836
2002-01-28,75.52599334716797,21.139999389648438
2002-01-29,73.15128326416016,24.350000381469727
2002-01-30,74.20600128173828,23.219999313354492
2002-01-31,75.0749282836914,21.09000015258789
2002-02-01,74.72339630126953,21.1200008392334
2002-02-04,72.86609649658203,24.8700008392334
2002-02-05,72.41503143310547,25.450000762939453
2002-02-06,72.10324096679688,26.09000015258789
2002-02-07,71.65215301513672,25.110000610351562
2002-02-08,73.02525329589844,23.260000228881836
2002-02-11,73.92076873779297,21.780000686645508
2002-02-12,73.6885757446289,21.6200008392334
2002-02-13,74.47130584716797,20.850000381469727
2002-02-14,74.33200073242188,21.770000457763672
2002-02-15,73.55593872070312,22.3700008392334
2002-02-19,72.14303588867188,24.43000030517578
2002-02-20,73.35692596435547,22.65999984741211
2002-02-21,71.83792877197266,23.799999237060547
2002-02-22,72.72676849365234,22.860000610351562
2002-02-25,73.92744445800781,21.84000015258789
2002-02-26,73.77481842041016,21.68000030517578
2002-02-27,74.06007385253906,21.489999771118164
2002-02-28,73.72838592529297,21.59000015258789
2002-03-01,75.44638061523438,19.959999084472656
2002-03-04,76.77967071533203,20.5
2002-03-05,76.53426361083984,20.299999237060547
2002-03-06,77.4429931640625,19.940000534057617
2002-03-07,77.27715301513672,20.040000915527344
2002-03-08,77.60222625732422,19.270000457763672
2002-03-11,77.76799774169922,19.84000015258789
2002-03-12,77.72160339355469,19.59000015258789
2002-03-13,76.97203826904297,19.459999084472656
2002-03-14,76.86588287353516,19.200000762939453
2002-03-15,77.59830474853516,18.420000076293945
2002-03-18,77.61163330078125,18.93000030517578
2002-03-19,78.13048553466797,18.15999984741211
2002-03-20,76.66036224365234,18.459999084472656
2002-03-21,76.69358825683594,18.149999618530273
2002-03-22,76.52733612060547,17.770000457763672
2002-03-25,75.57604217529297,18.479999542236328
2002-03-26,76.01509094238281,18.1299991607666
2002-03-27,76.21464538574219,17.700000762939453
2002-03-28,76.181396484375,17.399999618530273
2002-04-01,76.21464538574219,18.729999542236328
2002-04-02,75.7955551147461,19.15999984741211
2002-04-03,75.26336669921875,20.200000762939453
2002-04-04,74.95075225830078,19.780000686645508
2002-04-05,74.96401977539062,19.1299991607666
2002-04-08,75.1236801147461,19.610000610351562
2002-04-09,74.5981674194336,19.469999313354492
2002-04-10,75.44296264648438,18.190000534057617
2002-04-11,73.56707000732422,20.299999237060547
2002-04-12,74.11920928955078,19.420000076293945
2002-04-15,73.55377960205078,19.81999969482422
2002-04-16,75.30331420898438,18.110000610351562
2002-04-17,75.14364624023438,18.43000030517578
2002-04-18,74.81769561767578,19.290000915527344
2002-04-19,75.09042358398438,18.299999237060547
2002-04-22,73.83976745605469,19.770000457763672
2002-04-23,73.52051544189453,20.280000686645508
2002-04-24,72.78211212158203,20.770000457763672
2002-04-25,72.82202911376953,20.950000762939453
2002-04-26,71.43834686279297,22.139999389648438
2002-04-29,71.08577728271484,24.049999237060547
2002-04-30,71.7509765625,21.90999984741211
2002-05-01,72.62908172607422,20.059999465942383
2002-05-02,72.3497085571289,20.06999969482422
2002-05-03,71.56471252441406,20.190000534057617
2002-05-06,70.16112518310547,22.559999465942383
2002-05-07,69.91497039794922,21.940000534057617
2002-05-08,72.51602172851562,20.389999389648438
2002-05-09,71.6778564453125,21.559999465942383
2002-05-10,70.32743835449219,22.40999984741211
2002-05-13,71.75762176513672,20.719999313354492
2002-05-14,73.32093048095703,19.350000381469727
2002-05-15,73.03490447998047,19.190000534057617
2002-05-16,73.4140853881836,18.5
2002-05-17,73.77324676513672,17.700000762939453
2002-05-20,72.9749984741211,19.239999771118164
2002-05-21,72.30982208251953,20.049999237060547
2002-05-22,72.46944427490234,19.579999923706055
2002-05-23,73.24109649658203,18.229999542236328
2002-05-24,72.30316162109375,18.899999618530273
2002-05-28,71.9106674194336,20.309999465942383
2002-05-29,71.37845611572266,20.389999389648438
2002-05-30,71.17892456054688,20.610000610351562
2002-05-31,71.32526397705078,19.979999542236328
2002-06-03,69.42935180664062,23.3700008392334
2002-06-04,69.6023178100586,23.889999389648438
2002-06-05,70.25424194335938,22.610000610351562
2002-06-06,68.82402801513672,24.15999984741211
2002-06-07,68.74420166015625,23.510000228881836
2002-06-10,69.01029968261719,23.719999313354492
2002-06-11,67.82621002197266,24.450000762939453
2002-06-12,68.23863983154297,24.149999618530273
2002-06-13,67.55340576171875,25.020000457763672
2002-06-14,67.45367431640625,25.959999084472656
2002-06-17,69.2630615234375,24.639999389648438
2002-06-18,69.8284912109375,24.239999771118164
2002-06-19,68.19869232177734,26.059999465942383
2002-06-20,67.32728576660156,27.479999542236328
2002-06-21,66.27454376220703,27.229999542236328
2002-06-24,66.62167358398438,26.979999542236328
2002-06-25,65.12635040283203,27.84000015258789
2002-06-26,65.233154296875,28.420000076293945
2002-06-27,66.37468719482422,26.290000915527344
2002-06-28,66.0609130859375,25.399999618530273
2002-07-01,64.77253723144531,27.110000610351562
2002-07-02,63.39739990234375,28.959999084472656
2002-07-03,63.75787353515625,29.420000076293945
2002-07-05,66.29457092285156,27.110000610351562
2002-07-08,65.46678161621094,28.25
2002-07-09,63.817935943603516,30.219999313354492
2002-07-10,61.494873046875,34.099998474121094
2002-07-11,61.99553298950195,33.849998474121094
2002-07-12,61.31464385986328,32.939998626708984
2002-07-15,61.64175033569336,35.029998779296875
2002-07-16,60.45348358154297,36.650001525878906
2002-07-17,60.573631286621094,35.45000076293945
2002-07-18,58.61103057861328,35.119998931884766
2002-07-19,56.548309326171875,38.16999816894531
2002-07-22,54.87275695800781,41.869998931884766
2002-07-23,53.37077331542969,44.91999816894531
2002-07-24,56.55497741699219,39.86000061035156
2002-07-25,56.07434844970703,39.27000045776367
2002-07-26,57.14244842529297,35.5099983215332
2002-07-29,59.92613220214844,31.329999923706055
2002-07-30,60.707176208496094,31.920000076293945
2002-07-31,60.85403060913086,32.029998779296875
2002-08-01,59.2652473449707,36.95000076293945
2002-08-02,57.93681335449219,41.290000915527344
2002-08-05,55.92078399658203,45.08000183105469
2002-08-06,57.80331802368164,42.029998779296875
2002-08-07,58.8112907409668,38.72999954223633
2002-08-08,60.713836669921875,36.33000183105469
2002-08-09,60.94084548950195,35.33000183105469
2002-08-12,60.493526458740234,37.04999923706055
2002-08-13,59.392093658447266,35.81999969482422
2002-08-14,61.56161117553711,32.36000061035156
2002-08-15,62.41611099243164,29.43000030517578
2002-08-16,62.22917556762695,28.809999465942383
2002-08-19,63.68445587158203,28.610000610351562
2002-08-20,63.01020050048828,29.59000015258789
2002-08-21,63.91807174682617,28.229999542236328
2002-08-22,64.53889465332031,27.75
2002-08-23,63.150394439697266,29.31999969482422
2002-08-26,63.59099578857422,29.889999389648438
2002-08-27,62.856689453125,30.110000610351562
2002-08-28,61.48151397705078,33.31999969482422
2002-08-29,61.50819778442383,33.66999816894531
2002-08-30,61.26790237426758,32.63999938964844
2002-09-03,58.931461334228516,39.970001220703125
2002-09-04,59.77259826660156,37.439998626708984
2002-09-05,59.2652473449707,38.86000061035156
2002-09-06,60.07965850830078,36.33000183105469
2002-09-09,60.52022171020508,36.45000076293945
2002-09-10,61.214500427246094,35.08000183105469
2002-09-11,60.83399963378906,34.810001373291016
2002-09-12,59.71253204345703,37.5
2002-09-13,59.85935974121094,35.81999969482422
2002-09-16,60.00625228881836,36.7400016784668
2002-09-17,58.631080627441406,38.0099983215332
2002-09-18,58.04359436035156,37.52000045776367
2002-09-19,56.54160690307617,40.650001525878906
2002-09-20,56.56040573120117,38.97999954223633
2002-09-23,56.09770202636719,39.68000030517578
2002-09-24,55.192501068115234,40.52000045776367
2002-09-25,56.56040573120117,37.33000183105469
2002-09-26,57.485748291015625,34.599998474121094
2002-09-27,55.487518310546875,36.970001220703125
2002-09-30,54.84383010864258,39.689998626708984
2002-10-01,57.47905349731445,34.119998931884766
2002-10-02,55.755794525146484,36.83000183105469
2002-10-03,55.192501068115234,37.310001373291016
2002-10-04,54.179996490478516,39.459999084472656
2002-10-07,53.0601806640625,42.63999938964844
2002-10-08,53.89164352416992,41.02000045776367
2002-10-09,52.369503021240234,42.130001068115234
2002-10-10,54.06599044799805,37.54999923706055
2002-10-11,56.433006286621094,35.70000076293945
2002-10-14,56.74815368652344,36.040000915527344
2002-10-15,59.477291107177734,34.02000045776367
2002-10-16,58.03561782836914,36.0
2002-10-17,59.18891525268555,34.099998474121094
2002-10-18,59.437049865722656,33.529998779296875
2002-10-21,60.462955474853516,33.11000061035156
2002-10-22,60.02712631225586,34.09000015258789
2002-10-23,60.48311233520508,33.20000076293945
2002-10-24,59.249332427978516,34.029998779296875
2002-10-25,60.48311233520508,30.0
2002-10-28,60.087467193603516,31.06999969482422
2002-10-29,59.390113830566406,32.27000045776367
2002-10-30,59.966800689697266,31.229999542236328
2002-10-31,59.356597900390625,31.139999389648438
2002-11-01,60.530025482177734,29.299999237060547
2002-11-04,61.1066780090332,30.81999969482422
2002-11-05,61.589473724365234,31.229999542236328
2002-11-06,62.38744354248047,30.729999542236328
2002-11-07,60.858604431152344,31.420000076293945
2002-11-08,60.114288330078125,29.40999984741211
2002-11-11,59.18224334716797,31.299999237060547
2002-11-12,59.65161895751953,30.579999923706055
2002-11-13,59.71196746826172,31.239999771118164
2002-11-14,60.838504791259766,28.670000076293945
2002-11-15,61.28776550292969,26.649999618530273
2002-11-18,60.670867919921875,27.65999984741211
2002-11-19,60.590370178222656,27.40999984741211
2002-11-20,61.93815612792969,25.31999969482422
2002-11-21,63.09150695800781,23.809999465942383
2002-11-22,62.64225387573242,23.15999984741211
2002-11-25,62.68247985839844,24.06999969482422
2002-11-26,61.488914489746094,25.969999313354492
2002-11-27,63.218910217285156,27.25
2002-11-29,63.017765045166016,27.5
2002-12-02,63.11833572387695,27.459999084472656
2002-12-03,62.27344512939453,28.329999923706055
2002-12-04,61.9918098449707,28.920000076293945
2002-12-05,61.30784606933594,30.100000381469727
2002-12-06,61.7102165222168,28.8799991607666
2002-12-09,60.01371383666992,30.780000686645508
2002-12-10,60.81840133666992,28.760000228881836
2002-12-11,60.871986389160156,27.760000228881836
2002-12-12,60.86531448364258,27.290000915527344
2002-12-13,59.90643310546875,28.18000030517578
2002-12-16,61.45537185668945,26.239999771118164
2002-12-17,60.91895294189453,26.65999984741211
2002-12-18,60.21487808227539,28.290000915527344
2002-12-19,59.78575134277344,30.209999084472656
2002-12-20,60.638816833496094,26.709999084472656
2002-12-23,60.659034729003906,26.200000762939453
2002-12-24,60.207550048828125,26.489999771118164
2002-12-26,60.23450469970703,27.3700008392334
2002-12-27,58.88005065917969,29.549999237060547
2002-12-30,59.37200927734375,29.6200008392334
2002-12-31,59.45286178588867,28.6200008392334
2003-01-02,61.36653518676758,25.389999389648438
2003-01-03,61.55524826049805,24.68000030517578
2003-01-06,62.64008331298828,24.90999984741211
2003-01-07,62.48514175415039,25.1299991607666
2003-01-08,61.58219528198242,25.530000686645508
2003-01-09,62.53903579711914,24.25
2003-01-10,62.70749282836914,24.31999969482422
2003-01-13,62.68728256225586,24.899999618530273
2003-01-14,62.8894157409668,24.56999969482422
2003-01-15,62.26276779174805,25.510000228881836
2003-01-16,62.00669860839844,25.010000228881836
2003-01-17,61.090309143066406,25.700000762939453
2003-01-21,60.14018249511719,27.59000015258789
2003-01-22,59.41242980957031,29.010000228881836
2003-01-23,59.77629470825195,27.530000686645508
2003-01-24,58.20624542236328,31.510000228881836
2003-01-27,57.41108703613281,34.689998626708984
2003-01-28,57.83564376831055,31.93000030517578
2003-01-29,58.27363967895508,31.260000228881836
2003-01-30,56.89225769042969,31.31999969482422
2003-01-31,57.99064636230469,31.170000076293945
2003-02-03,58.10517501831055,31.020000457763672
2003-02-04,57.532379150390625,32.7599983215332
2003-02-05,57.1752815246582,33.040000915527344
2003-02-06,56.905723571777344,33.349998474121094
2003-02-07,56.21168899536133,34.0099983215332
2003-02-10,56.6092643737793,33.9900016784668
2003-02-11,56.21841049194336,33.68000030517578
2003-02-12,55.322227478027344,34.33000183105469
2003-02-13,55.49068069458008,33.70000076293945
2003-02-14,56.70359802246094,32.619998931884766
2003-02-18,57.70087814331055,31.110000610351562
2003-02-19,57.397682189941406,31.309999465942383
2003-02-20,56.82487869262695,31.15999984741211
2003-02-21,57.397682189941406,30.25
2003-02-24,56.467750549316406,31.979999542236328
2003-02-25,56.919227600097656,31.739999771118164
2003-02-26,56.09039306640625,31.940000534057617
2003-02-27,56.83163070678711,30.530000686645508
2003-02-28,57.20895767211914,29.6299991607666
2003-03-03,56.663150787353516,30.43000030517578
2003-03-04,55.76020431518555,31.829999923706055
2003-03-05,56.23192596435547,30.3799991607666
2003-03-06,55.76020431518555,31.3700008392334
2003-03-07,56.14429473876953,31.079999923706055
2003-03-10,54.796630859375,33.310001373291016
2003-03-11,54.2575569152832,33.61000061035156
2003-03-12,54.62140655517578,33.5099983215332
2003-03-13,56.50818634033203,31.760000228881836
2003-03-14,56.69009017944336,30.979999542236328
2003-03-17,58.47578430175781,31.75
2003-03-18,58.81943893432617,30.43000030517578
2003-03-19,59.27092742919922,31.540000915527344
2003-03-20,59.398956298828125,30.440000534057617
2003-03-21,60.66679763793945,28.670000076293945
2003-03-24,58.650672912597656,30.389999389648438
2003-03-25,59.21220779418945,28.75
2003-03-26,58.914485931396484,28.229999542236328
2003-03-27,58.961891174316406,27.959999084472656
2003-03-28,58.664215087890625,27.75
2003-03-31,57.331398010253906,29.149999618530273
2003-04-01,58.21090316772461,28.360000610351562
2003-04-02,59.6181640625,28.020000457763672
2003-04-03,59.333988189697266,28.209999084472656
2003-04-04,59.68581008911133,29.1299991607666
2003-04-07,59.570796966552734,28.450000762939453
2003-04-08,59.665496826171875,27.1299991607666
2003-04-09,58.880706787109375,27.110000610351562
2003-04-10,59.20547866821289,25.600000381469727
2003-04-11,58.961891174316406,24.440000534057617
2003-04-14,60.17967224121094,23.40999984741211
2003-04-15,60.74121856689453,22.559999465942383
2003-04-16,59.70613479614258,22.520000457763672
2003-04-17,60.59239959716797,21.5
2003-04-21,60.653297424316406,21.950000762939453
2003-04-22,61.79666519165039,20.700000762939453
2003-04-23,62.364990234375,20.799999237060547
2003-04-24,61.810184478759766,20.329999923706055
2003-04-25,61.045684814453125,20.799999237060547
2003-04-28,62.10112762451172,20.84000015258789
2003-04-29,62.317596435546875,20.760000228881836
2003-04-30,62.18229293823242,21.209999084472656
2003-05-01,62.175537109375,21.59000015258789
2003-05-02,63.06182098388672,20.6299991607666
2003-05-05,62.940059661865234,21.1299991607666
2003-05-06,63.53542709350586,20.799999237060547
2003-05-07,63.183597564697266,21.0
2003-05-08,62.547637939453125,21.239999771118164
2003-05-09,63.413639068603516,19.690000534057617
2003-05-12,64.19168090820312,19.520000457763672
2003-05-13,64.07664489746094,19.90999984741211
2003-05-14,63.94135665893555,20.0
2003-05-15,64.34725952148438,19.239999771118164
2003-05-16,64.18489837646484,18.399999618530273
2003-05-19,62.682945251464844,20.510000228881836
2003-05-20,62.55438232421875,21.290000915527344
2003-05-21,62.682945251464844,21.209999084472656
2003-05-22,63.305355072021484,19.780000686645508
2003-05-23,63.43391036987305,19.170000076293945
2003-05-27,64.5434799194336,19.989999771118164
2003-05-28,64.72615051269531,20.030000686645508
2003-05-29,64.55701446533203,20.43000030517578
2003-05-30,65.59214782714844,19.469999313354492
2003-06-02,65.86274719238281,20.850000381469727
2003-06-03,66.13339233398438,20.84000015258789
2003-06-04,67.08733367919922,20.6200008392334
2003-06-05,67.41883087158203,20.829999923706055
2003-06-06,67.155029296875,21.25
2003-06-09,66.47168731689453,22.149999618530273
2003-06-10,67.14822387695312,20.639999389648438
2003-06-11,67.85861206054688,20.209999084472656
2003-06-12,68.06832885742188,20.40999984741211
2003-06-13,67.35797119140625,20.65999984741211
2003-06-16,68.77871704101562,20.219999313354492
2003-06-17,68.77871704101562,20.010000228881836
2003-06-18,68.71783447265625,19.760000228881836
2003-06-19,67.6691665649414,19.799999237060547
2003-06-20,67.519775390625,19.139999389648438
2003-06-23,66.82722473144531,20.579999923706055
2003-06-24,66.89512634277344,20.75
2003-06-25,66.22290802001953,20.809999465942383
2003-06-26,67.08524322509766,19.399999618530273
2003-06-27,66.3111801147461,19.15999984741211
2003-06-30,66.29080200195312,19.520000457763672
2003-07-01,66.90190124511719,19.459999084472656
2003-07-02,67.74384307861328,19.030000686645508
2003-07-03,67.04448699951172,19.389999389648438
2003-07-07,68.37532806396484,20.059999465942383
2003-07-08,68.6808853149414,19.479999542236328
2003-07-09,68.2938461303711,18.93000030517578
2003-07-10,67.42475128173828,19.190000534057617
2003-07-11,68.06302642822266,18.469999313354492
2003-07-14,68.39573669433594,19.59000015258789
2003-07-15,68.246337890625,19.549999237060547
2003-07-16,67.84568786621094,19.760000228881836
2003-07-17,66.88152313232422,20.219999313354492
2003-07-18,67.56732940673828,19.110000610351562
2003-07-21,66.732177734375,19.780000686645508
2003-07-22,67.33646392822266,19.170000076293945
2003-07-23,67.38397979736328,18.639999389648438
2003-07-24,66.87472534179688,18.600000381469727
2003-07-25,68.05624389648438,17.75
2003-07-28,67.80498504638672,18.360000610351562
2003-07-29,67.49262237548828,18.670000076293945
2003-07-30,67.32962799072266,18.850000381469727
2003-07-31,67.48584747314453,19.489999771118164
2003-08-01,66.8883056640625,20.75
2003-08-04,66.8883056640625,21.270000457763672
2003-08-05,65.46922302246094,22.68000030517578
2003-08-06,65.84944915771484,21.5
2003-08-07,66.54203796386719,20.260000228881836
2003-08-08,66.732177734375,19.59000015258789
2003-08-11,66.98340606689453,19.75
2003-08-12,67.59449005126953,17.940000534057617
2003-08-13,67.2481918334961,18.770000457763672
2003-08-14,67.43153381347656,18.469999313354492
2003-08-15,67.64203643798828,18.270000457763672
2003-08-18,68.22594451904297,18.18000030517578
2003-08-19,68.48394012451172,17.860000610351562
2003-08-20,68.2055892944336,17.81999969482422
2003-08-21,68.4228744506836,17.84000015258789
2003-08-22,67.74384307861328,18.549999237060547
2003-08-25,67.85250091552734,19.530000686645508
2003-08-26,67.97469329833984,19.489999771118164
2003-08-27,67.9951171875,19.1299991607666
2003-08-28,68.41607666015625,18.479999542236328
2003-08-29,68.87779998779297,18.6299991607666
2003-09-02,69.8012466430664,19.020000457763672
2003-09-03,70.18147277832031,19.440000534057617
2003-09-04,70.2154312133789,18.709999084472656
2003-09-05,69.82160949707031,18.170000076293945
2003-09-08,70.39875030517578,18.260000228881836
2003-09-09,69.93701934814453,18.850000381469727
2003-09-10,69.23088073730469,20.010000228881836
2003-09-11,69.4345703125,19.25
2003-09-12,69.56359100341797,18.68000030517578
2003-09-15,69.31912231445312,19.280000686645508
2003-09-16,70.33084106445312,18.030000686645508
2003-09-17,70.19506072998047,18.149999618530273
2003-09-18,71.02344512939453,17.56999969482422
2003-09-19,70.66219329833984,17.540000915527344
2003-09-22,69.89881134033203,19.649999618530273
2003-09-23,70.16461944580078,19.469999313354492
2003-09-24,68.91728973388672,21.219999313354492
2003-09-25,68.35153198242188,22.260000228881836
2003-09-26,68.1266098022461,22.229999542236328
2003-09-29,68.79456329345703,21.670000076293945
2003-09-30,68.1266098022461,22.719999313354492
2003-10-01,69.57842254638672,21.06999969482422
2003-10-02,69.83060455322266,20.799999237060547
2003-10-03,70.47135925292969,19.5
2003-10-06,70.79166412353516,19.510000228881836
2003-10-07,71.06431579589844,19.40999984741211
2003-10-08,70.88713836669922,19.18000030517578
2003-10-09,71.07797241210938,18.81999969482422
2003-10-10,71.27562713623047,18.450000762939453
2003-10-13,71.50055694580078,17.549999237060547
2003-10-14,71.75276184082031,17.3700008392334
2003-10-15,71.56192779541016,17.690000534057617
2003-10-16,71.84819030761719,17.190000534057617
2003-10-17,71.06431579589844,17.6200008392334
2003-10-20,71.59598541259766,17.040000915527344
2003-10-21,71.47329711914062,16.549999237060547
2003-10-22,70.57357025146484,17.670000076293945
2003-10-23,70.44406127929688,17.68000030517578
2003-10-24,70.60084533691406,17.709999084472656
2003-10-27,70.6349105834961,18.049999237060547
2003-10-28,71.59598541259766,16.81999969482422
2003-10-29,71.69141387939453,16.43000030517578
2003-10-30,71.84139251708984,16.329999923706055
2003-10-31,71.7732162475586,16.100000381469727
2003-11-03,72.24349212646484,16.549999237060547
2003-11-04,72.08673095703125,16.549999237060547
2003-11-05,72.14130401611328,16.860000610351562
2003-11-06,72.5229721069336,16.739999771118164
2003-11-07,71.9845199584961,16.93000030517578
2003-11-10,71.69141387939453,17.6200008392334
2003-11-11,71.67093658447266,17.540000915527344
2003-11-12,72.47525024414062,16.75
2003-11-13,72.49571228027344,16.469999313354492
2003-11-14,71.88224792480469,16.940000534057617
2003-11-17,71.52096557617188,18.600000381469727
2003-11-18,70.77802276611328,19.110000610351562
2003-11-19,71.37789154052734,18.799999237060547
2003-11-20,70.7371826171875,19.479999542236328
2003-11-21,71.0302734375,18.979999542236328
2003-11-24,71.97086334228516,17.440000534057617
2003-11-25,72.24349212646484,16.709999084472656
2003-11-26,72.50252532958984,16.229999542236328
2003-11-28,72.55706024169922,16.31999969482422
2003-12-01,73.34088897705078,16.770000457763672
2003-12-02,73.15689849853516,16.270000457763672
2003-12-03,73.04098510742188,16.6299991607666
2003-12-04,73.34088897705078,16.299999237060547
2003-12-05,72.82968139648438,17.09000015258789
2003-12-08,73.32044219970703,16.540000915527344
2003-12-09,72.75471496582031,17.6299991607666
2003-12-10,72.7479019165039,17.8700008392334
2003-12-11,73.56583404541016,16.729999542236328
2003-12-12,73.70895385742188,16.40999984741211
2003-12-15,73.34088897705078,17.229999542236328
2003-12-16,73.72259521484375,15.930000305175781
2003-12-17,73.95433044433594,15.579999923706055
2003-12-18,74.7858657836914,16.15999984741211
2003-12-19,74.57772827148438,16.420000076293945
2003-12-22,75.09822082519531,16.940000534057617
2003-12-23,75.14610290527344,16.489999771118164
2003-12-24,75.0708236694336,16.65999984741211
2003-12-26,75.12555694580078,17.450000762939453
2003-12-29,76.12541198730469,17.09000015258789
2003-12-30,76.13912963867188,17.68000030517578
2003-12-31,76.20761108398438,18.309999465942383
2004-01-02,76.17337036132812,18.219999313354492
2004-01-05,77.00201416015625,17.489999771118164
2004-01-06,77.07732391357422,16.729999542236328
2004-01-07,77.33756256103516,15.5
2004-01-08,77.64576721191406,15.609999656677246
2004-01-09,76.9677505493164,16.75
2004-01-12,77.53616333007812,16.81999969482422
2004-01-13,77.08419036865234,18.040000915527344
2004-01-14,77.72792053222656,16.75
2004-01-15,77.91966247558594,15.5600004196167
2004-01-16,78.2278823852539,15.0
2004-01-20,78.20730590820312,15.210000038146973
2004-01-21,78.82364654541016,14.34000015258789
2004-01-22,78.61824035644531,14.710000038146973
2004-01-23,78.36478424072266,14.84000015258789
2004-01-26,79.35095977783203,14.550000190734863
2004-01-27,78.53599548339844,15.350000381469727
2004-01-28,77.63888549804688,16.780000686645508
2004-01-29,77.71421813964844,17.139999389648438
2004-01-30,77.71421813964844,16.6299991607666
2004-02-02,78.0498046875,17.110000610351562
2004-02-03,77.91966247558594,17.34000015258789
2004-02-04,77.28277587890625,17.8700008392334
2004-02-05,77.50877380371094,17.709999084472656
2004-02-06,78.37850952148438,16.0
2004-02-09,78.39905548095703,16.389999389648438
2004-02-10,78.65242004394531,15.9399995803833
2004-02-11,79.48793029785156,15.390000343322754
2004-02-12,79.20032501220703,15.3100004196167
2004-02-13,78.84416961669922,15.579999923706055
2004-02-17,79.55640411376953,15.399999618530273
2004-02-18,79.20716094970703,15.59000015258789
2004-02-19,78.91268157958984,15.800000190734863
2004-02-20,78.6729736328125,16.040000915527344
2004-02-23,78.4743881225586,16.290000915527344
2004-02-24,78.33740997314453,15.899999618530273
2004-02-25,78.6661148071289,14.930000305175781
2004-02-26,78.7140884399414,14.829999923706055
2004-02-27,78.76887512207031,14.550000190734863
2004-03-01,79.54957580566406,14.4399995803833
2004-03-02,79.0838851928711,14.859999656677246
2004-03-03,79.22769165039062,14.550000190734863
2004-03-04,79.43313598632812,14.399999618530273
2004-03-05,79.70027160644531,14.479999542236328
2004-03-08,78.727783203125,15.789999961853027
2004-03-09,78.41275024414062,16.600000381469727
2004-03-10,77.0978775024414,18.670000076293945
2004-03-11,76.0980224609375,20.670000076293945
2004-03-12,77.0978775024414,18.299999237060547
2004-03-15,76.15277862548828,21.1299991607666
2004-03-16,76.55684661865234,20.34000015258789
2004-03-17,77.41290283203125,18.110000610351562
2004-03-18,77.43346405029297,18.530000686645508
2004-03-19,76.3235855102539,19.149999618530273
2004-03-22,75.35458374023438,21.579999923706055
2004-03-23,75.22400665283203,20.670000076293945
2004-03-24,75.28582763671875,19.809999465942383
2004-03-25,76.2823486328125,17.8799991607666
2004-03-26,76.30296325683594,17.329999923706055
2004-03-29,77.37500762939453,16.5
2004-03-30,77.63619232177734,16.280000686645508
2004-03-31,77.72554779052734,16.739999771118164
2004-04-01,78.19281768798828,16.649999618530273
2004-04-02,78.78386688232422,15.640000343322754
2004-04-05,79.21680450439453,14.970000267028809
2004-04-06,78.96255493164062,15.319999694824219
2004-04-07,78.77696990966797,15.760000228881836
2004-04-08,78.59831237792969,16.260000228881836
2004-04-12,78.90754699707031,15.279999732971191
2004-04-13,77.80110931396484,17.260000228881836
2004-04-14,77.92481994628906,15.619999885559082
2004-04-15,77.62931060791016,15.739999771118164
2004-04-16,78.22721099853516,14.9399995803833
2004-04-19,78.22721099853516,15.420000076293945
2004-04-20,76.91460418701172,16.670000076293945
2004-04-21,77.43001556396484,15.600000381469727
2004-04-22,78.51583862304688,14.609999656677246
2004-04-23,78.5914077758789,14.010000228881836
2004-04-26,78.48147583007812,14.770000457763672
2004-04-27,78.55021667480469,15.069999694824219
2004-04-28,77.5331039428711,16.290000915527344
2004-04-29,76.85275268554688,16.600000381469727
2004-04-30,76.25486755371094,17.190000534057617
2004-05-03,77.07263946533203,16.6200008392334
2004-05-04,77.01081085205078,16.549999237060547
2004-05-05,77.50560760498047,15.770000457763672
2004-05-06,76.83900451660156,17.049999237060547
2004-05-07,75.56763458251953,18.1299991607666
2004-05-10,74.79105377197266,19.770000457763672
2004-05-11,75.42330932617188,18.56999969482422
2004-05-12,75.90438842773438,18.139999389648438
2004-05-13,75.58821868896484,18.860000610351562
2004-05-14,75.62259674072266,18.469999313354492
2004-05-17,74.97660064697266,19.959999084472656
2004-05-18,75.35458374023438,19.329999923706055
2004-05-19,75.09344482421875,18.93000030517578
2004-05-20,75.33399963378906,18.670000076293945
2004-05-21,75.46455383300781,18.489999771118164
2004-05-24,75.7806625366211,18.079999923706055
2004-05-25,76.866455078125,15.960000038146973
2004-05-26,77.13450622558594,15.970000267028809
2004-05-27,77.56744384765625,15.279999732971191
2004-05-28,77.5605697631836,15.5
2004-06-01,77.45748901367188,16.299999237060547
2004-06-02,77.74612426757812,16.079999923706055
2004-06-03,77.03141784667969,17.030000686645508
2004-06-04,77.64303588867188,16.780000686645508
2004-06-07,78.82506561279297,15.390000343322754
2004-06-08,78.93501281738281,15.010000228881836
2004-06-09,78.1996841430664,15.390000343322754
2004-06-10,78.58455657958984,15.039999961853027
2004-06-14,77.80796813964844,16.06999969482422
2004-06-15,78.35775756835938,15.050000190734863
2004-06-16,78.34398651123047,14.789999961853027
2004-06-17,78.22721099853516,15.149999618530273
2004-06-18,78.37480926513672,14.989999771118164
2004-06-21,78.07820129394531,15.260000228881836
2004-06-22,78.47138977050781,14.3100004196167
2004-06-23,79.14729309082031,13.979999542236328
2004-06-24,78.89901733398438,14.8100004196167
2004-06-25,78.51961517333984,15.1899995803833
2004-06-28,78.25066375732422,16.06999969482422
2004-06-29,78.5748291015625,15.470000267028809
2004-06-30,78.99555969238281,14.34000015258789
2004-07-01,77.89888000488281,15.199999809265137
2004-07-02,77.85749816894531,15.079999923706055
2004-07-06,77.1746597290039,16.25
2004-07-07,77.40226745605469,15.8100004196167
2004-07-08,76.86426544189453,16.200000762939453
2004-07-09,77.0643310546875,15.779999732971191
2004-07-12,77.09879302978516,14.960000038146973
2004-07-13,77.15396881103516,14.460000038146973
2004-07-14,76.91948699951172,13.760000228881836
2004-07-15,76.4228515625,14.710000038146973
2004-07-16,76.36077880859375,14.34000015258789
2004-07-19,76.0365982055664,15.170000076293945
2004-07-20,77.00224304199219,14.170000076293945
2004-07-21,75.58133697509766,16.40999984741211
2004-07-22,75.78829193115234,15.75
2004-07-23,75.15373229980469,16.5
2004-07-26,75.00887298583984,17.299999237060547
2004-07-27,75.7124252319336,16.549999237060547
2004-07-28,75.94002532958984,16.149999618530273
2004-07-29,76.26420593261719,15.680000305175781
2004-07-30,76.45046997070312,15.319999694824219
2004-08-02,76.60904693603516,15.369999885559082
2004-08-03,76.01589965820312,16.030000686645508
2004-08-04,76.00901794433594,16.209999084472656
2004-08-05,74.7674560546875,18.31999969482422
2004-08-06,73.69835662841797,19.34000015258789
2004-08-09,73.80184173583984,18.889999389648438
2004-08-10,74.75367736816406,17.469999313354492
2004-08-11,74.60192108154297,18.040000915527344
2004-08-12,73.78805541992188,19.079999923706055
2004-08-13,73.93286895751953,17.979999542236328
2004-08-16,74.6985092163086,17.56999969482422
2004-08-17,75.1192398071289,17.020000457763672
2004-08-18,75.89175415039062,16.229999542236328
2004-08-19,75.67103576660156,16.959999084472656
2004-08-20,76.2021255493164,16.0
2004-08-23,76.00901794433594,15.880000114440918
2004-08-24,76.11247253417969,15.329999923706055
2004-08-25,76.6297607421875,14.979999542236328
2004-08-26,76.6297607421875,14.90999984741211
2004-08-27,76.87120056152344,14.710000038146973
2004-08-30,76.23660278320312,15.4399995803833
2004-08-31,76.63664245605469,15.289999961853027
2004-09-01,76.78150177001953,14.90999984741211
2004-09-02,77.65057373046875,14.279999732971191
2004-09-03,77.33332061767578,13.90999984741211
2004-09-07,77.84369659423828,14.069999694824219
2004-09-08,77.65057373046875,14.0600004196167
2004-09-09,77.58162689208984,14.010000228881836
2004-09-10,77.98163604736328,13.760000228881836
2004-09-13,78.23685455322266,13.170000076293945
2004-09-14,78.39550018310547,13.5600004196167
2004-09-15,77.80233764648438,14.640000343322754
2004-09-16,78.03682708740234,14.390000343322754
2004-09-17,78.36858367919922,14.029999732971191
2004-09-20,77.89761352539062,14.430000305175781
2004-09-21,78.23700714111328,13.65999984741211
2004-09-22,77.26038360595703,14.739999771118164
2004-09-23,76.84486389160156,14.800000190734863
2004-09-24,77.19808959960938,14.279999732971191
2004-09-27,76.70634460449219,14.619999885559082
2004-09-28,77.07344055175781,13.829999923706055
2004-09-29,77.46126556396484,13.210000038146973
2004-09-30,77.40587615966797,13.34000015258789
2004-10-01,78.71493530273438,12.75
2004-10-04,78.84650421142578,13.40999984741211
2004-10-05,78.8880386352539,13.949999809265137
2004-10-06,79.42826843261719,13.279999732971191
2004-10-07,78.57637786865234,14.5
2004-10-08,77.92533111572266,15.050000190734863
2004-10-11,78.24393463134766,14.710000038146973
2004-10-12,77.93915557861328,15.050000190734863
2004-10-13,77.25347900390625,15.420000076293945
2004-10-14,76.6301498413086,16.43000030517578
2004-10-15,77.05955505371094,15.039999961853027
2004-10-18,77.35047149658203,14.710000038146973
2004-10-19,76.69940185546875,15.130000114440918
2004-10-20,76.54702758789062,14.850000381469727
2004-10-21,77.04570770263672,14.539999961853027
2004-10-22,76.17992401123047,15.279999732971191
2004-10-25,76.08990478515625,16.579999923706055
2004-10-26,77.25347900390625,16.389999389648438
2004-10-27,78.18157958984375,15.720000267028809
2004-10-28,78.41708374023438,15.390000343322754
2004-10-29,78.40324401855469,16.270000457763672
2004-11-01,78.61795043945312,16.270000457763672
2004-11-02,78.6456298828125,16.18000030517578
2004-11-03,79.63605499267578,14.039999961853027
2004-11-04,80.72347259521484,13.970000267028809
2004-11-05,81.22904968261719,13.84000015258789
2004-11-08,81.11131286621094,13.800000190734863
2004-11-09,80.95201873779297,13.609999656677246
2004-11-10,81.01436614990234,13.079999923706055
2004-11-11,81.6307601928711,13.039999961853027
2004-11-12,82.27489471435547,13.329999923706055
2004-11-15,82.47706604003906,13.380000114440918
2004-11-16,81.88655853271484,13.210000038146973
2004-11-17,82.372802734375,13.210000038146973
2004-11-18,82.4839859008789,12.979999542236328
2004-11-19,81.56704711914062,13.5
2004-11-22,81.95604705810547,12.970000267028809
2004-11-23,82.08110046386719,12.670000076293945
2004-11-24,82.2756118774414,12.720000267028809
2004-11-26,82.2131118774414,12.779999732971191
2004-11-29,81.83795928955078,13.300000190734863
2004-11-30,81.89352416992188,13.239999771118164
2004-12-01,82.82437133789062,12.970000267028809
2004-12-02,82.89384460449219,12.979999542236328
2004-12-03,82.83827209472656,12.960000038146973
2004-12-06,82.81050109863281,13.1899995803833
2004-12-07,82.03939056396484,13.670000076293945
2004-12-08,82.51873016357422,13.1899995803833
2004-12-09,82.81050109863281,12.880000114440918
2004-12-10,82.89384460449219,12.760000228881836
2004-12-13,83.61629486083984,12.539999961853027
2004-12-14,83.90803527832031,12.729999542236328
2004-12-15,83.97054290771484,12.350000381469727
2004-12-16,83.92191314697266,12.270000457763672
2004-12-17,83.36223602294922,11.949999809265137
2004-12-20,83.38311767578125,11.829999923706055
2004-12-21,84.02523803710938,11.550000190734863
2004-12-22,84.22763061523438,11.449999809265137
2004-12-23,84.29046630859375,11.229999542236328
2004-12-27,84.11595153808594,12.140000343322754
2004-12-28,84.57658386230469,12.0
2004-12-29,84.70223999023438,11.619999885559082
2004-12-30,84.5417251586914,12.5600004196167
2004-12-31,84.3602523803711,13.289999961853027
2005-01-03,83.96240997314453,14.079999923706055
2005-01-04,82.93646240234375,13.979999542236328
2005-01-05,82.3641128540039,14.09000015258789
2005-01-06,82.78290557861328,13.579999923706055
2005-01-07,82.66426849365234,13.489999771118164
2005-01-10,83.05509948730469,13.229999542236328
2005-01-11,82.4828109741211,13.1899995803833
2005-01-12,82.75497436523438,12.5600004196167
2005-01-13,82.0919418334961,12.84000015258789
2005-01-14,82.52462768554688,12.430000305175781
2005-01-18,83.38311767578125,12.470000267028809
2005-01-19,82.51069641113281,13.180000305175781
2005-01-20,82.00818634033203,13.829999923706055
2005-01-21,81.5056381225586,14.359999656677246
2005-01-24,81.34515380859375,14.649999618530273
2005-01-25,81.5754623413086,14.0600004196167
2005-01-26,81.81977844238281,13.4399995803833
2005-01-27,81.9593276977539,13.239999771118164
2005-01-28,81.9593276977539,13.239999771118164
2005-01-31,82.46884155273438,12.819999694824219
2005-02-01,82.99227905273438,12.029999732971191
2005-02-02,83.2435531616211,11.65999984741211
2005-02-03,83.02716064453125,11.789999961853027
2005-02-04,83.91358184814453,11.210000038146973
2005-02-07,83.80188751220703,11.729999542236328
2005-02-08,83.89958953857422,11.600000381469727
2005-02-09,83.27145385742188,12.0
2005-02-10,83.57156372070312,11.510000228881836
2005-02-11,84.29046630859375,11.430000305175781
2005-02-14,84.22763061523438,11.520000457763672
2005-02-15,84.5417251586914,11.270000457763672
2005-02-16,84.5975570678711,11.100000381469727
2005-02-17,83.91358184814453,11.770000457763672
2005-02-18,84.02523803710938,11.180000305175781
2005-02-22,82.77591705322266,13.140000343322754
2005-02-23,83.369140625,12.390000343322754
2005-02-24,83.92053985595703,11.569999694824219
2005-02-25,84.75112915039062,11.489999771118164
2005-02-28,84.1927261352539,12.079999923706055
2005-03-01,84.61150360107422,12.039999961853027
2005-03-02,84.56961059570312,12.5
2005-03-03,84.60453033447266,12.930000305175781
2005-03-04,85.65840911865234,11.9399995803833
2005-03-07,85.70030212402344,12.260000228881836
2005-03-08,85.37925720214844,12.399999618530273
2005-03-09,84.4300308227539,12.699999809265137
2005-03-10,84.61846160888672,12.489999771118164
2005-03-11,84.02523803710938,12.800000190734863
2005-03-14,84.54866790771484,12.390000343322754
2005-03-15,83.85076904296875,13.149999618530273
2005-03-16,83.13886260986328,13.489999771118164
2005-03-17,83.30635833740234,13.289999961853027
2005-03-18,83.05900573730469,13.140000343322754
2005-03-21,82.75070190429688,13.609999656677246
2005-03-22,81.90988159179688,14.270000457763672
2005-03-23,81.97994232177734,14.0600004196167
2005-03-24,82.07807159423828,13.420000076293945
2005-03-28,82.19718170166016,13.75
2005-03-29,81.65061950683594,14.489999771118164
2005-03-30,82.8067855834961,13.640000343322754
2005-03-31,82.6526107788086,14.020000457763672
2005-04-01,82.28124237060547,14.09000015258789
2005-04-04,82.4213638305664,14.109999656677246
2005-04-05,82.81376647949219,13.680000305175781
2005-04-06,83.1010513305664,13.149999618530273
2005-04-07,83.5494613647461,12.329999923706055
2005-04-08,82.68061828613281,12.619999885559082
2005-04-11,82.74372100830078,11.979999542236328
2005-04-12,83.171142578125,11.300000190734863
2005-04-13,82.190185546875,13.3100004196167
2005-04-14,81.11812591552734,14.529999732971191
2005-04-15,79.98302459716797,17.739999771118164
2005-04-18,80.22826385498047,16.559999465942383
2005-04-19,80.86588287353516,14.960000038146973
2005-04-20,79.73779296875,16.920000076293945
2005-04-21,81.28626251220703,14.40999984741211
2005-04-22,80.97797393798828,15.380000114440918
2005-04-25,81.51051330566406,14.619999885559082
2005-04-26,80.71875,14.90999984741211
2005-04-27,81.0340347290039,14.869999885559082
2005-04-28,80.01802825927734,16.860000610351562
2005-04-29,81.10411071777344,15.3100004196167
2005-05-02,81.55956268310547,15.119999885559082
2005-05-03,81.69969177246094,14.529999732971191
2005-05-04,82.3302993774414,13.850000381469727
2005-05-05,82.30227661132812,13.979999542236328
2005-05-06,82.04304504394531,14.050000190734863
2005-05-09,82.55453491210938,13.75
2005-05-10,81.69969177246094,14.90999984741211
2005-05-11,82.14813232421875,14.449999809265137
2005-05-12,81.24419403076172,16.1200008392334
2005-05-13,81.08309173583984,16.31999969482422
2005-05-16,81.83982849121094,15.680000305175781
2005-05-17,82.3863525390625,14.569999694824219
2005-05-18,83.23419189453125,13.630000114440918
2005-05-19,83.58452606201172,13.319999694824219
2005-05-20,83.46541595458984,13.140000343322754
2005-05-23,83.9278564453125,12.949999809265137
2005-05-24,83.73167419433594,12.6899995803833
2005-05-25,83.66861724853516,12.579999923706055
2005-05-26,84.11705017089844,12.239999771118164
2005-05-27,84.25718688964844,12.149999618530273
2005-05-31,83.71763610839844,13.289999961853027
2005-06-01,84.43236541748047,12.359999656677246
2005-06-02,84.61454010009766,11.84000015258789
2005-06-03,84.18711853027344,12.149999618530273
2005-06-06,84.11007690429688,12.279999732971191
2005-06-07,84.17308807373047,12.390000343322754
2005-06-08,84.01895904541016,12.699999809265137
2005-06-09,84.4183349609375,12.079999923706055
2005-06-10,84.22212982177734,11.960000038146973
2005-06-13,84.48841094970703,11.649999618530273
2005-06-14,84.68460083007812,11.789999961853027
2005-06-15,84.84577178955078,11.460000038146973
2005-06-16,85.06295013427734,11.149999618530273
2005-06-17,85.37813568115234,11.479999542236328
2005-06-20,85.40628051757812,11.470000267028809
2005-06-21,85.45552825927734,11.079999923706055
2005-06-22,85.52584838867188,11.050000190734863
2005-06-23,84.32286834716797,12.130000114440918
2005-06-24,83.7037582397461,12.180000305175781
2005-06-27,83.82339477539062,12.520000457763672
2005-06-28,84.52686309814453,11.579999923706055
2005-06-29,84.3017807006836,11.770000457763672
2005-06-30,83.8444595336914,12.039999961853027
2005-07-01,84.09072875976562,11.399999618530273
2005-07-05,84.76608276367188,11.680000305175781
2005-07-06,84.05553436279297,12.270000457763672
2005-07-07,84.38617706298828,12.489999771118164
2005-07-08,85.3499755859375,11.449999809265137
2005-07-11,85.78617858886719,11.279999732971191
2005-07-12,86.01130676269531,10.949999809265137
2005-07-13,86.13092041015625,10.84000015258789
2005-07-14,86.46858978271484,10.8100004196167
2005-07-15,86.41935729980469,10.329999923706055
2005-07-18,86.07461547851562,10.770000457763672
2005-07-19,86.54594421386719,10.449999809265137
2005-07-20,86.8414535522461,10.229999542236328
2005-07-21,86.33493041992188,10.970000267028809
2005-07-22,86.91179656982422,10.520000457763672
2005-07-25,86.66559600830078,11.100000381469727
2005-07-26,86.77108764648438,10.989999771118164
2005-07-27,87.08769989013672,10.359999656677246
2005-07-28,87.63641357421875,10.520000457763672
2005-07-29,87.052490234375,11.569999694824219
2005-08-01,86.98918914794922,12.079999923706055
2005-08-02,87.50980377197266,11.75
2005-08-03,87.7419204711914,11.829999923706055
2005-08-04,87.0384292602539,12.520000457763672
2005-08-05,86.44745635986328,12.479999542236328
2005-08-08,86.28565216064453,13.210000038146973
2005-08-09,86.80625915527344,12.399999618530273
2005-08-10,86.7640609741211,12.380000114440918
2005-08-11,87.10877227783203,12.420000076293945
2005-08-12,86.57413482666016,12.739999771118164
2005-08-15,87.10877227783203,12.260000228881836
2005-08-16,85.97611999511719,13.520000457763672
2005-08-17,85.96907043457031,13.300000190734863
2005-08-18,85.96205139160156,13.420000076293945
2005-08-19,86.15904235839844,13.420000076293945
2005-08-22,86.15904235839844,13.420000076293945
2005-08-23,85.99723815917969,13.34000015258789
2005-08-24,85.23042297363281,14.170000076293945
2005-08-25,85.53994750976562,13.729999542236328
2005-08-26,84.95603942871094,13.720000267028809
2005-08-29,85.61030578613281,13.520000457763672
2005-08-30,85.16002655029297,13.649999618530273
2005-08-31,86.23641967773438,12.600000381469727
2005-09-01,86.17311096191406,13.149999618530273
2005-09-02,86.01832580566406,13.569999694824219
2005-09-06,87.02436828613281,12.930000305175781
2005-09-07,87.17211151123047,12.520000457763672
2005-09-08,86.88365936279297,12.930000305175781
2005-09-09,87.65750885009766,11.979999542236328
2005-09-12,87.48163604736328,11.649999618530273
2005-09-13,86.9961929321289,12.390000343322754
2005-09-14,86.67963409423828,12.90999984741211
2005-09-15,86.63740539550781,12.489999771118164
2005-09-16,87.2535171508789,11.220000267028809
2005-09-19,86.96385955810547,12.140000343322754
2005-09-20,86.22904205322266,12.640000343322754
2005-09-21,85.42362976074219,13.789999961853027
2005-09-22,85.7274398803711,13.329999923706055
2005-09-23,85.79808044433594,12.960000038146973
2005-09-26,85.89701080322266,13.039999961853027
2005-09-27,85.87582397460938,12.760000228881836
2005-09-28,85.96060943603516,12.630000114440918
2005-09-29,86.6600570678711,12.239999771118164
2005-09-30,86.92851257324219,11.920000076293945
2005-10-03,86.61763000488281,12.460000038146973
2005-10-04,85.64265441894531,13.199999809265137
2005-10-05,84.51932525634766,14.550000190734863
2005-10-06,84.21550750732422,14.960000038146973
2005-10-07,84.50520324707031,14.59000015258789
2005-10-10,83.79161834716797,15.550000190734863
2005-10-11,83.67150115966797,15.630000114440918
2005-10-12,83.01448059082031,16.219999313354492
2005-10-13,82.96499633789062,16.469999313354492
2005-10-14,83.8410873413086,14.869999885559082
2005-10-17,84.1519546508789,14.670000076293945
2005-10-18,83.24049377441406,15.329999923706055
2005-10-19,84.62530517578125,13.5
2005-10-20,83.13456726074219,16.110000610351562
2005-10-21,83.45956420898438,16.1299991607666
2005-10-24,84.75251007080078,14.739999771118164
2005-10-25,84.58291625976562,14.529999732971191
2005-10-26,84.33564758300781,14.59000015258789
2005-10-27,83.43836212158203,16.020000457763672
2005-10-28,84.63947296142578,14.25
2005-10-31,84.8725814819336,15.319999694824219
2005-11-01,85.12688446044922,14.850000381469727
2005-11-02,86.0171127319336,13.479999542236328
2005-11-03,86.38446807861328,13.0
2005-11-04,86.27145385742188,13.170000076293945
2005-11-07,86.35621643066406,13.100000381469727
2005-11-08,86.35621643066406,13.079999923706055
2005-11-09,86.46926879882812,12.800000190734863
2005-11-10,87.14046478271484,11.899999618530273
2005-11-11,87.43717193603516,11.630000114440918
2005-11-14,87.38774108886719,12.180000305175781
2005-11-15,87.06980895996094,12.229999542236328
2005-11-16,87.2464370727539,12.260000228881836
2005-11-17,88.05891418457031,11.25
2005-11-18,88.40507507324219,11.119999885559082
2005-11-21,88.85020446777344,10.819999694824219
2005-11-22,89.23172760009766,10.600000381469727
2005-11-23,89.74748992919922,10.960000038146973
2005-11-25,89.81812286376953,10.880000114440918
2005-11-28,89.18228149414062,11.84000015258789
2005-11-29,89.0833511352539,11.890000343322754
2005-11-30,88.60293579101562,12.0600004196167
2005-12-01,89.50727844238281,11.239999771118164
2005-12-02,89.62030029296875,11.010000228881836
2005-12-05,89.42955017089844,11.600000381469727
2005-12-06,89.59911346435547,11.520000457763672
2005-12-07,89.0762939453125,12.180000305175781
2005-12-08,89.0197525024414,12.210000038146973
2005-12-09,89.25291442871094,11.6899995803833
2005-12-12,89.33769989013672,11.470000267028809
2005-12-13,89.94528198242188,11.109999656677246
2005-12-14,90.29853820800781,10.479999542236328
2005-12-15,90.03713989257812,10.729999542236328
2005-12-16,89.74736785888672,10.680000305175781
2005-12-19,89.28569793701172,11.380000114440918
2005-12-20,89.37091827392578,11.1899995803833
2005-12-21,89.512939453125,10.8100004196167
2005-12-22,89.98173522949219,10.289999961853027
2005-12-23,90.03145599365234,10.270000457763672
2005-12-27,89.11521911621094,11.569999694824219
2005-12-28,89.31410217285156,11.350000381469727
2005-12-29,88.9163589477539,11.609999656677246
2005-12-30,88.43338012695312,12.069999694824219
2006-01-03,89.98883056640625,11.140000343322754
2006-01-04,90.41500091552734,11.369999885559082
2006-01-05,90.47180938720703,11.3100004196167
2006-01-06,91.22467041015625,11.0
2006-01-09,91.45903778076172,11.130000114440918
2006-01-10,91.5514144897461,10.859999656677246
2006-01-11,91.84260559082031,10.9399995803833
2006-01-12,91.4803695678711,11.199999809265137
2006-01-13,91.39512634277344,11.229999542236328
2006-01-17,91.14652252197266,11.90999984741211
2006-01-18,90.78428649902344,12.25
2006-01-19,91.13233947753906,11.979999542236328
2006-01-20,89.47035217285156,14.5600004196167
2006-01-23,89.78996276855469,13.930000305175781
2006-01-24,89.88229370117188,13.3100004196167
2006-01-25,89.9604263305664,12.869999885559082
2006-01-26,90.45759582519531,12.420000076293945
2006-01-27,91.29569244384766,11.970000267028809
2006-01-30,91.22467041015625,12.390000343322754
2006-01-31,90.5570297241211,12.949999809265137
2006-02-01,91.18916320800781,12.359999656677246
2006-02-02,90.13087463378906,13.229999542236328
2006-02-03,89.68341827392578,12.960000038146973
2006-02-06,89.91780853271484,13.039999961853027
2006-02-07,89.12234497070312,13.59000015258789
2006-02-08,89.9320297241211,12.829999923706055
2006-02-09,89.7828598022461,13.119999885559082
2006-02-10,89.94622039794922,12.869999885559082
2006-02-13,89.7828598022461,13.350000381469727
2006-02-14,90.7345962524414,12.25
2006-02-15,91.0542221069336,12.3100004196167
2006-02-16,91.7360610961914,11.479999542236328
2006-02-17,91.48748779296875,12.010000228881836
2006-02-21,91.26020812988281,12.40999984741211
2006-02-22,91.8141860961914,11.880000114440918
2006-02-23,91.67920684814453,11.869999885559082
2006-02-24,91.91361236572266,11.460000038146973
2006-02-27,91.94913482666016,11.59000015258789
2006-02-28,91.07553100585938,12.34000015258789
2006-03-01,91.88519287109375,11.539999961853027
2006-03-02,91.87812042236328,11.720000267028809
2006-03-03,91.45195007324219,11.960000038146973
2006-03-06,91.03289794921875,12.739999771118164
2006-03-07,90.89083099365234,12.65999984741211
2006-03-08,91.0826187133789,12.319999694824219
2006-03-09,90.47180938720703,12.680000305175781
2006-03-10,91.33123016357422,11.850000381469727
2006-03-13,91.50166320800781,11.369999885559082
2006-03-14,92.46047973632812,10.739999771118164
2006-03-15,92.8724365234375,11.350000381469727
2006-03-16,93.064208984375,11.979999542236328
2006-03-17,93.14195251464844,12.119999885559082
2006-03-20,92.99220275878906,11.789999961853027
2006-03-21,92.40746307373047,11.619999885559082
2006-03-22,92.97075653076172,11.210000038146973
2006-03-23,92.77825927734375,11.170000076293945
2006-03-24,92.84960174560547,11.1899995803833
2006-03-27,92.7140884399414,11.460000038146973
2006-03-28,92.14363861083984,11.579999923706055
2006-03-29,92.72120666503906,10.949999809265137
2006-03-30,92.55724334716797,11.569999694824219
2006-03-31,92.57862854003906,11.390000343322754
2006-04-03,92.50732421875,11.569999694824219
2006-04-04,93.0991439819336,11.140000343322754
2006-04-05,93.42001342773438,11.130000114440918
2006-04-06,93.32024383544922,11.449999809265137
2006-04-07,92.37181091308594,12.260000228881836
2006-04-10,92.51446533203125,12.1899995803833
2006-04-11,91.73003387451172,13.0
2006-04-12,91.90119934082031,12.760000228881836
2006-04-13,91.77998352050781,12.380000114440918
2006-04-17,91.74433135986328,12.579999923706055
2006-04-18,93.19895935058594,11.399999618530273
2006-04-19,93.37725067138672,11.319999694824219
2006-04-20,93.50560760498047,11.640000343322754
2006-04-21,93.51988220214844,11.59000015258789
2006-04-24,93.34874725341797,11.75
2006-04-25,92.96369934082031,11.75
2006-04-26,92.9850845336914,11.760000228881836
2006-04-27,93.4343032836914,11.84000015258789
2006-04-28,93.7480697631836,11.59000015258789
2006-05-01,92.9850845336914,12.539999961853027
2006-05-02,93.68385314941406,11.989999771118164
2006-05-03,93.33448791503906,11.989999771118164
2006-05-04,93.66960906982422,11.859999656677246
2006-05-05,94.49681091308594,11.619999885559082
2006-05-08,94.3826904296875,12.0
2006-05-09,94.568115234375,11.989999771118164
2006-05-10,94.5181884765625,11.779999732971191
2006-05-11,93.37725067138672,12.489999771118164
2006-05-12,92.15789031982422,14.1899995803833
2006-05-15,92.34326934814453,13.569999694824219
2006-05-16,92.20784759521484,13.350000381469727
2006-05-17,90.45364379882812,16.260000228881836
2006-05-18,89.9972915649414,16.989999771118164
2006-05-19,90.63192749023438,17.18000030517578
2006-05-22,89.94023132324219,17.719999313354492
2006-05-23,89.25569152832031,18.260000228881836
2006-05-24,89.96875,17.360000610351562
2006-05-25,91.08116149902344,15.5
2006-05-26,91.544677734375,14.260000228881836
2006-05-30,89.91886138916016,18.65999984741211
2006-05-31,90.92428588867188,16.440000534057617
2006-06-01,91.79423522949219,14.520000457763672
2006-06-02,91.98674011230469,14.319999694824219
2006-06-05,90.64617919921875,16.649999618530273
2006-06-06,90.4251480102539,17.34000015258789
2006-06-07,89.74771118164062,17.799999237060547
2006-06-08,89.66928100585938,18.350000381469727
2006-06-09,89.384033203125,18.1200008392334
2006-06-12,88.41427612304688,20.959999084472656
2006-06-13,87.38748168945312,23.809999465942383
2006-06-14,88.06486511230469,21.459999084472656
2006-06-15,89.93310546875,15.899999618530273
2006-06-16,89.27777862548828,17.25
2006-06-19,88.57585144042969,17.829999923706055
2006-06-20,88.87667083740234,16.690000534057617
2006-06-21,89.53559875488281,15.520000457763672
2006-06-22,89.14168548583984,15.880000114440918
2006-06-23,89.12738037109375,15.890000343322754
2006-06-26,89.52125549316406,15.619999885559082
2006-06-27,88.74774169921875,16.399999618530273
2006-06-28,89.349365234375,15.789999961853027
2006-06-29,91.15428161621094,13.029999732971191
2006-06-30,91.16143798828125,13.079999923706055
2006-07-03,91.53388214111328,13.050000190734863
2006-07-05,91.0110092163086,14.149999618530273
2006-07-06,91.27603912353516,13.649999618530273
2006-07-07,90.68156433105469,13.970000267028809
2006-07-10,90.85345458984375,14.020000457763672
2006-07-11,91.2545166015625,13.140000343322754
2006-07-12,90.28047943115234,14.489999771118164
2006-07-13,88.81220245361328,17.790000915527344
2006-07-14,88.46841430664062,18.049999237060547
2006-07-17,88.33948516845703,18.639999389648438
2006-07-18,88.79071044921875,17.739999771118164
2006-07-19,90.02262878417969,15.550000190734863
2006-07-20,89.40670776367188,16.209999084472656
2006-07-21,88.7763900756836,17.399999618530273
2006-07-24,90.39507293701172,14.979999542236328
2006-07-25,90.71739196777344,14.850000381469727
2006-07-26,90.83914184570312,14.619999885559082
2006-07-27,90.75321197509766,14.9399995803833
2006-07-28,91.66278076171875,14.329999923706055
2006-07-31,91.5697021484375,14.949999809265137
2006-08-01,91.11846160888672,15.050000190734863
2006-08-02,91.73443603515625,14.34000015258789
2006-08-03,91.97792053222656,14.460000038146973
2006-08-04,91.82035064697266,14.34000015258789
2006-08-07,91.60547637939453,15.229999542236328
2006-08-08,91.2545166015625,15.229999542236328
2006-08-09,90.94654083251953,15.199999809265137
2006-08-10,91.22590637207031,14.460000038146973
2006-08-11,90.96806335449219,14.300000190734863
2006-08-14,91.0396728515625,14.260000228881836
2006-08-15,92.12833404541016,13.420000076293945
2006-08-16,92.89468383789062,12.40999984741211
2006-08-17,93.13104248046875,12.239999771118164
2006-08-18,93.60379028320312,11.640000343322754
2006-08-21,93.20267486572266,12.220000267028809
2006-08-22,93.19552612304688,12.1899995803833
2006-08-23,92.93767547607422,12.399999618530273
2006-08-24,92.85888671875,12.399999618530273
2006-08-25,92.9734878540039,12.3100004196167
2006-08-28,93.41751098632812,12.180000305175781
2006-08-29,93.52499389648438,12.279999732971191
2006-08-30,93.582275390625,12.220000267028809
2006-08-31,93.5679702758789,12.3100004196167
2006-09-01,94.12662506103516,11.960000038146973
2006-09-05,94.30567169189453,12.630000114440918
2006-09-06,93.47484588623047,13.739999771118164
2006-09-07,93.04512786865234,13.880000114440918
2006-09-08,93.31011962890625,13.15999984741211
2006-09-11,93.40323638916016,12.989999771118164
2006-09-12,94.3199691772461,11.920000076293945
2006-09-13,94.69961547851562,11.180000305175781
2006-09-14,94.70675659179688,11.550000190734863
2006-09-15,94.92904663085938,11.760000228881836
2006-09-18,95.05855560302734,11.779999732971191
2006-09-19,94.82115173339844,11.979999542236328
2006-09-20,95.32469940185547,11.390000343322754
2006-09-21,94.86432647705078,12.25
2006-09-22,94.5765380859375,12.59000015258789
2006-09-25,95.30313110351562,12.119999885559082
2006-09-26,96.09444427490234,11.529999732971191
2006-09-27,96.20954895019531,11.579999923706055
2006-09-28,96.17357635498047,11.720000267028809
2006-09-29,96.09444427490234,11.979999542236328
2006-10-02,95.73472595214844,12.569999694824219
2006-10-03,95.93619537353516,12.239999771118164
2006-10-04,97.05841064453125,11.859999656677246
2006-10-05,97.24543762207031,11.979999542236328
2006-10-06,97.12313079833984,11.5600004196167
2006-10-09,97.1806869506836,11.680000305175781
2006-10-10,97.31018829345703,11.520000457763672
2006-10-11,97.19509887695312,11.619999885559082
2006-10-12,98.0367660522461,11.09000015258789
2006-10-13,98.28855895996094,10.75
2006-10-16,98.43962097167969,11.09000015258789
2006-10-17,98.13028717041016,11.729999542236328
2006-10-18,98.25973510742188,11.34000015258789
2006-10-19,98.41805267333984,10.899999618530273
2006-10-20,98.43962097167969,10.630000114440918
2006-10-23,98.892822265625,11.079999923706055
2006-10-24,99.18775177001953,10.779999732971191
2006-10-25,99.52589416503906,10.65999984741211
2006-10-26,99.83517456054688,10.5600004196167
2006-10-27,99.2093276977539,10.800000190734863
2006-10-30,99.13738250732422,11.199999809265137
2006-10-31,99.1230239868164,11.100000381469727
2006-11-01,98.4539794921875,11.510000228881836
2006-11-02,98.39644622802734,11.420000076293945
2006-11-03,98.22383880615234,11.15999984741211
2006-11-06,99.33164978027344,11.15999984741211
2006-11-07,99.71288299560547,11.09000015258789
2006-11-08,99.92871856689453,10.75
2006-11-09,99.40359497070312,11.010000228881836
2006-11-10,99.44676208496094,10.789999961853027
2006-11-13,99.69132232666016,10.859999656677246
2006-11-14,100.43946075439453,10.5
2006-11-15,100.72723388671875,10.3100004196167
2006-11-16,100.98621368408203,10.15999984741211
2006-11-17,101.01497650146484,10.050000190734863
2006-11-20,101.07252502441406,9.970000267028809
2006-11-21,101.1732406616211,9.899999618530273
2006-11-22,101.37467193603516,10.140000343322754
2006-11-24,100.96464538574219,10.729999542236328
2006-11-27,99.57624816894531,12.300000190734863
2006-11-28,100.0078125,11.619999885559082
2006-11-29,101.05094909667969,10.829999923706055
2006-11-30,101.09412384033203,10.90999984741211
2006-12-01,100.87110900878906,11.65999984741211
2006-12-04,101.6408462524414,11.229999542236328
2006-12-05,102.07965850830078,11.270000457763672
2006-12-06,101.99334716796875,11.329999923706055
2006-12-07,101.54734802246094,12.670000076293945
2006-12-08,101.73433685302734,12.069999694824219
2006-12-11,102.02930450439453,10.710000038146973
2006-12-12,101.95016479492188,10.649999618530273
2006-12-13,102.0580825805664,10.180000305175781
2006-12-14,102.95731353759766,9.970000267028809
2006-12-15,102.96670532226562,10.050000190734863
2006-12-18,102.68455505371094,10.600000381469727
2006-12-19,102.87989044189453,10.300000190734863
2006-12-20,102.82200622558594,10.260000228881836
2006-12-21,102.44587707519531,10.529999732971191
2006-12-22,101.8165054321289,11.359999656677246
2006-12-26,102.4168930053711,11.260000228881836
2006-12-27,103.08968353271484,10.640000343322754
2006-12-28,102.8726806640625,10.989999771118164
2006-12-29,102.44587707519531,11.5600004196167
2007-01-03,102.2649917602539,12.039999961853027
2007-01-04,102.48202514648438,11.510000228881836
2007-01-05,101.66461944580078,12.140000343322754
2007-01-08,102.13482666015625,12.0
2007-01-09,102.0479965209961,11.90999984741211
2007-01-10,102.38800048828125,11.470000267028809
2007-01-11,102.83650207519531,10.869999885559082
2007-01-12,103.61772155761719,10.149999618530273
2007-01-16,103.41522216796875,10.739999771118164
2007-01-17,103.45862579345703,10.59000015258789
2007-01-18,103.11136627197266,10.850000381469727
2007-01-19,103.3139877319336,10.399999618530273
2007-01-22,102.99565124511719,10.770000457763672
2007-01-23,103.29948425292969,10.34000015258789
2007-01-24,104.13130187988281,9.890000343322754
2007-01-25,102.9088363647461,11.220000267028809
2007-01-26,102.81480407714844,11.130000114440918
2007-01-29,102.7569351196289,11.449999809265137
2007-01-30,103.29222869873047,10.960000038146973
2007-01-31,103.98664855957031,10.420000076293945
2007-02-01,104.60880279541016,10.3100004196167
2007-02-02,104.75346374511719,10.079999923706055
2007-02-05,104.78238677978516,10.550000190734863
2007-02-06,104.81138610839844,10.649999618530273
2007-02-07,105.04279327392578,10.319999694824219
2007-02-08,104.90538787841797,10.4399995803833
2007-02-09,104.12413024902344,11.100000381469727
2007-02-12,103.7696762084961,11.609999656677246
2007-02-13,104.64498138427734,10.34000015258789
2007-02-14,105.33214569091797,10.229999542236328
2007-02-15,105.46965026855469,10.220000267028809
2007-02-16,105.41900634765625,10.020000457763672
2007-02-20,105.64322662353516,10.239999771118164
2007-02-21,105.599853515625,10.199999809265137
2007-02-22,105.52021026611328,10.180000305175781
2007-02-23,105.1079330444336,10.579999923706055
2007-02-26,105.0138931274414,11.149999618530273
2007-02-27,100.91230773925781,18.309999465942383
2007-02-28,101.94674682617188,15.420000076293945
2007-03-01,101.64289093017578,15.819999694824219
2007-03-02,100.31190490722656,18.610000610351562
2007-03-05,99.35700225830078,19.6299991607666
2007-03-06,101.05696105957031,15.960000038146973
2007-03-07,100.95568084716797,15.239999771118164
2007-03-08,101.80928039550781,14.289999961853027
2007-03-09,101.83821868896484,14.09000015258789
2007-03-12,101.99011993408203,13.989999771118164
2007-03-13,100.00801849365234,18.1299991607666
2007-03-14,100.75312805175781,17.270000457763672
2007-03-15,100.890625,16.43000030517578
2007-03-16,100.60807800292969,16.790000915527344
2007-03-19,101.82091522216797,14.59000015258789
2007-03-20,102.38009643554688,13.270000457763672
2007-03-21,104.06498718261719,12.1899995803833
2007-03-22,103.98516082763672,12.930000305175781
2007-03-23,104.1376724243164,12.949999809265137
2007-03-26,103.99967193603516,13.15999984741211
2007-03-27,103.75279235839844,13.479999542236328
2007-03-28,102.9974365234375,14.979999542236328
2007-03-29,103.10638427734375,15.140000343322754
2007-03-30,103.12818145751953,14.640000343322754
2007-04-02,103.244384765625,14.529999732971191
2007-04-03,104.35552215576172,13.460000038146973
2007-04-04,104.47175598144531,13.239999771118164
2007-04-05,104.75495147705078,13.229999542236328
2007-04-09,104.9002456665039,13.140000343322754
2007-04-10,105.02368927001953,12.680000305175781
2007-04-11,104.5952377319336,13.489999771118164
2007-04-12,105.06002807617188,12.710000038146973
2007-04-13,105.53934478759766,12.199999809265137
2007-04-16,106.54155731201172,11.979999542236328
2007-04-17,106.82482147216797,12.140000343322754
2007-04-18,106.95556640625,12.420000076293945
2007-04-19,106.92645263671875,12.539999961853027
2007-04-20,107.93595123291016,12.069999694824219
2007-04-23,107.52924346923828,13.039999961853027
2007-04-24,107.5728530883789,13.119999885559082
2007-04-25,108.5605697631836,13.210000038146973
2007-04-26,108.68401336669922,12.789999961853027
2007-04-27,108.59687042236328,12.449999809265137
2007-04-30,107.6962661743164,14.220000267028809
2007-05-01,107.97229766845703,13.510000228881836
2007-05-02,108.60411834716797,13.079999923706055
2007-05-03,109.1923828125,13.09000015258789
2007-05-04,109.60635375976562,12.90999984741211
2007-05-07,109.628173828125,13.149999618530273
2007-05-08,109.4828872680664,13.210000038146973
2007-05-09,109.78062438964844,12.880000114440918
2007-05-10,108.63317108154297,13.600000381469727
2007-05-11,109.56281280517578,12.949999809265137
2007-05-14,109.3231201171875,13.960000038146973
2007-05-15,109.35215759277344,14.010000228881836
2007-05-16,110.10016632080078,13.5
2007-05-17,109.88238525390625,13.510000228881836
2007-05-18,110.84097290039062,12.760000228881836
2007-05-21,110.78292083740234,13.300000190734863
2007-05-22,110.69577026367188,13.0600004196167
2007-05-23,110.71026611328125,13.239999771118164
2007-05-24,109.70806121826172,14.079999923706055
2007-05-25,110.16559600830078,13.34000015258789
2007-05-29,110.56501770019531,13.529999732971191
2007-05-30,111.4655990600586,12.829999923706055
2007-05-31,111.34941101074219,13.050000190734863
2007-06-01,111.9013671875,12.779999732971191
2007-06-04,111.9158706665039,13.289999961853027
2007-06-05,111.47286987304688,13.630000114440918
2007-06-06,110.27447509765625,14.869999885559082
2007-06-07,108.28461456298828,17.059999465942383
2007-06-08,109.69353485107422,14.84000015258789
2007-06-11,109.88238525390625,14.710000038146973
2007-06-12,108.68401336669922,16.670000076293945
2007-06-13,110.31083679199219,14.729999542236328
2007-06-14,111.01533508300781,13.640000343322754
2007-06-15,111.64700317382812,13.9399995803833
2007-06-18,111.51568603515625,13.420000076293945
2007-06-19,111.79279327392578,12.850000381469727
2007-06-20,110.23921966552734,14.670000076293945
2007-06-21,110.85195922851562,14.210000038146973
2007-06-22,109.80888366699219,15.75
2007-06-25,109.28379821777344,16.649999618530273
2007-06-26,108.16045379638672,18.889999389648438
2007-06-27,109.69947814941406,15.529999732971191
2007-06-28,109.68489837646484,15.539999961853027
2007-06-29,109.72138214111328,16.229999542236328
2007-07-02,110.7133560180664,15.399999618530273
2007-07-03,111.11450958251953,14.920000076293945
2007-07-05,110.99783325195312,15.479999542236328
2007-07-06,111.58129119873047,14.720000267028809
2007-07-09,111.66885375976562,15.15999984741211
2007-07-10,110.0787582397461,17.56999969482422
2007-07-11,110.85919952392578,16.639999389648438
2007-07-12,112.60973358154297,15.539999961853027
2007-07-13,112.94527435302734,15.149999618530273
2007-07-16,112.93062591552734,15.59000015258789
2007-07-17,112.87230682373047,15.630000114440918
2007-07-18,112.66810607910156,16.0
2007-07-19,113.10570526123047,15.229999542236328
2007-07-20,111.96065521240234,16.950000762939453
2007-07-23,112.30333709716797,16.809999465942383
2007-07-24,110.3559799194336,18.549999237060547
2007-07-25,110.58203125,18.100000381469727
2007-07-26,107.96353912353516,20.739999771118164
2007-07-27,105.84104919433594,24.170000076293945
2007-07-30,107.49678802490234,20.8700008392334
2007-07-31,106.28594207763672,23.520000457763672
2007-08-01,106.80384826660156,23.670000076293945
2007-08-02,107.65728759765625,21.219999313354492
2007-08-03,104.88558197021484,25.15999984741211
2007-08-06,106.6434097290039,22.940000534057617
2007-08-07,107.78119659423828,21.559999465942383
2007-08-08,109.28379821777344,21.450000762939453
2007-08-09,106.04527282714844,26.479999542236328
2007-08-10,105.5492935180664,28.299999237060547
2007-08-13,105.9285659790039,26.56999969482422
2007-08-14,104.30934143066406,27.68000030517578
2007-08-15,102.8724594116211,30.670000076293945
2007-08-16,103.6456069946289,30.829999923706055
2007-08-17,105.5492935180664,29.989999771118164
2007-08-20,105.49822998046875,26.329999923706055
2007-08-21,105.70974731445312,25.25
2007-08-22,106.96430206298828,22.889999389648438
2007-08-23,106.86945343017578,22.6200008392334
2007-08-24,108.18964385986328,20.719999313354492
2007-08-27,107.18309783935547,22.719999313354492
2007-08-28,104.82720184326172,26.299999237060547
2007-08-29,106.88406372070312,23.809999465942383
2007-08-30,106.599609375,25.059999465942383
2007-08-31,107.64990997314453,23.3799991607666
2007-09-04,108.73673248291016,22.780000686645508
2007-09-05,107.79578399658203,24.579999923706055
2007-09-06,108.04376983642578,23.989999771118164
2007-09-07,106.54125213623047,26.229999542236328
2007-09-10,106.33700561523438,27.3799991607666
2007-09-11,107.57698822021484,25.270000457763672
2007-09-12,107.85417175292969,24.959999084472656
2007-09-13,108.61270904541016,24.760000228881836
2007-09-14,108.60540008544922,24.920000076293945
2007-09-17,108.02188110351562,26.479999542236328
2007-09-18,111.2020263671875,20.350000381469727
2007-09-19,111.85848236083984,20.030000686645508
2007-09-20,111.07075500488281,20.450000762939453
2007-09-21,111.3705062866211,19.0
2007-09-24,111.16527557373047,19.3700008392334
2007-09-25,110.94541931152344,18.600000381469727
2007-09-26,111.53173828125,17.6299991607666
2007-09-27,112.19129180908203,17.0
2007-09-28,111.81752014160156,18.0
2007-10-01,113.07801818847656,17.84000015258789
2007-10-02,112.92408752441406,18.489999771118164
2007-10-03,112.69691467285156,18.799999237060547
2007-10-04,112.87287139892578,18.440000534057617
2007-10-05,114.21393585205078,16.90999984741211
2007-10-08,113.60566711425781,17.459999084472656
2007-10-09,114.6756362915039,16.1200008392334
2007-10-10,114.48509216308594,16.670000076293945
2007-10-11,113.93538665771484,18.8799991607666
2007-10-12,114.56570434570312,17.729999542236328
2007-10-15,113.59829711914062,19.25
2007-10-16,112.69691467285156,20.020000457763672
2007-10-17,113.04137420654297,18.540000915527344
2007-10-18,112.63099670410156,18.5
2007-10-19,109.68492126464844,22.959999084472656
2007-10-22,110.322509765625,21.639999389648438
2007-10-23,111.21659088134766,20.40999984741211
2007-10-24,111.01136779785156,20.799999237060547
2007-10-25,111.27518463134766,21.170000076293945
2007-10-26,112.57962036132812,19.559999465942383
2007-10-29,112.95339965820312,19.8700008392334
2007-10-30,112.16930389404297,21.06999969482422
2007-10-31,113.33451080322266,18.530000686645508
2007-11-01,110.681640625,23.209999084472656
2007-11-02,110.80620574951172,23.010000228881836
2007-11-05,109.96342468261719,24.309999465942383
2007-11-06,111.44377899169922,21.389999389648438
2007-11-07,108.39513397216797,26.489999771118164
2007-11-08,107.84547424316406,26.15999984741211
2007-11-09,106.36515808105469,28.5
2007-11-12,105.30982208251953,31.09000015258789
2007-11-13,108.51969146728516,24.100000381469727
2007-11-14,108.21922302246094,25.940000534057617
2007-11-15,106.65829467773438,28.059999465942383
2007-11-16,106.84146118164062,25.489999771118164
2007-11-19,105.35382080078125,26.010000228881836
2007-11-20,105.99871826171875,24.8799991607666
2007-11-21,103.8294906616211,26.84000015258789
2007-11-23,105.62496948242188,25.610000610351562
2007-11-26,103.29450988769531,28.90999984741211
2007-11-27,104.48175048828125,26.280000686645508
2007-11-28,107.82347106933594,24.110000610351562
2007-11-29,107.86011505126953,23.969999313354492
2007-11-30,108.94476318359375,22.8700008392334
2007-12-03,108.2265625,23.610000610351562
2007-12-04,107.25923919677734,23.790000915527344
2007-12-05,109.05465698242188,22.530000686645508
2007-12-06,110.6156234741211,20.959999084472656
2007-12-07,110.59368133544922,20.850000381469727
2007-12-10,111.45108795166016,20.739999771118164
2007-12-11,108.39513397216797,23.59000015258789
2007-12-12,109.46505737304688,22.469999313354492
2007-12-13,109.23788452148438,22.559999465942383
2007-12-14,107.85279083251953,23.270000457763672
2007-12-17,106.31385803222656,24.520000457763672
2007-12-18,106.9074478149414,22.639999389648438
2007-12-19,106.9074478149414,21.68000030517578
2007-12-20,107.58165740966797,20.579999923706055
2007-12-21,109.13250732421875,18.469999313354492
2007-12-24,109.94287109375,18.600000381469727
2007-12-26,110.1786880493164,18.65999984741211
2007-12-27,108.7935791015625,20.260000228881836
2007-12-28,108.52101135253906,20.739999771118164
2007-12-31,107.71795654296875,22.5
2008-01-02,106.77494812011719,23.170000076293945
2008-01-03,106.723388671875,22.489999771118164
2008-01-04,104.10796356201172,23.940000534057617
2008-01-07,104.01956176757812,23.790000915527344
2008-01-08,102.33981323242188,25.43000030517578
2008-01-09,103.41543579101562,24.1200008392334
2008-01-10,104.09320831298828,23.450000762939453
2008-01-11,103.25336456298828,23.68000030517578
2008-01-14,104.08585357666016,22.899999618530273
2008-01-15,101.79458618164062,23.34000015258789
2008-01-16,100.91790771484375,24.3799991607666
2008-01-17,98.302490234375,28.459999084472656
2008-01-18,97.29314422607422,27.18000030517578
2008-01-22,96.3059310913086,31.010000228881836
2008-01-23,98.61927795410156,29.020000457763672
2008-01-24,99.45182037353516,27.780000686645508
2008-01-25,98.01516723632812,29.079999923706055
2008-01-28,99.63597869873047,27.780000686645508
2008-01-29,100.12957763671875,27.31999969482422
2008-01-30,99.39286041259766,27.6200008392334
2008-01-31,101.20523834228516,26.200000762939453
2008-02-01,102.83341979980469,24.020000457763672
2008-02-04,101.53677368164062,25.989999771118164
2008-02-05,98.81822204589844,28.239999771118164
2008-02-06,98.02251434326172,28.969999313354492
2008-02-07,98.67081451416016,27.65999984741211
2008-02-08,98.03729248046875,28.010000228881836
2008-02-11,98.53823852539062,27.600000381469727
2008-02-12,99.45182037353516,26.329999923706055
2008-02-13,100.46852111816406,24.8799991607666
2008-02-14,99.58440399169922,25.540000915527344
2008-02-15,99.56234741210938,25.020000457763672
2008-02-19,99.84225463867188,25.59000015258789
2008-02-20,100.13694763183594,24.399999618530273
2008-02-21,99.304443359375,25.1200008392334
2008-02-22,99.91594696044922,24.059999465942383
2008-02-25,101.1757583618164,23.030000686645508
2008-02-26,101.93463897705078,21.899999618530273
2008-02-27,101.83142852783203,22.690000534057617
2008-02-28,100.8368911743164,23.530000686645508
2008-02-29,98.5898208618164,26.540000915527344
2008-03-03,98.35404205322266,26.280000686645508
2008-03-04,97.97833251953125,25.520000457763672
2008-03-05,98.59720611572266,24.600000381469727
2008-03-06,96.55642700195312,27.549999237060547
2008-03-07,95.56185913085938,27.489999771118164
2008-03-10,94.30199432373047,29.3799991607666
2008-03-11,97.69100189208984,26.360000610351562
2008-03-12,96.77745819091797,27.219999313354492
2008-03-13,96.9911117553711,27.290000915527344
2008-03-14,95.4881591796875,31.15999984741211
2008-03-17,94.52307891845703,32.2400016784668
2008-03-18,98.44985961914062,25.790000915527344
2008-03-19,96.01123809814453,29.84000015258789
2008-03-20,97.78964233398438,26.6200008392334
2008-03-24,99.74424743652344,25.729999542236328
2008-03-25,99.84053802490234,25.719999313354492
2008-03-26,98.61886596679688,26.079999923706055
2008-03-27,98.30793762207031,25.8799991607666
2008-03-28,97.36764526367188,25.709999084472656
2008-03-31,97.70817565917969,25.610000610351562
2008-04-01,101.1435775756836,22.68000030517578
2008-04-02,101.21021270751953,23.43000030517578
2008-04-03,101.4619369506836,23.209999084472656
2008-04-04,101.35086822509766,22.450000762939453
2008-04-07,101.4027328491211,22.420000076293945
2008-04-08,101.2990493774414,22.360000610351562
2008-04-09,100.56607818603516,22.809999465942383
2008-04-10,100.7067642211914,21.979999542236328
2008-04-11,98.75212097167969,23.459999084472656
2008-04-14,98.41898345947266,23.81999969482422
2008-04-15,98.64849090576172,22.780000686645508
2008-04-16,101.32127380371094,20.530000686645508
2008-04-17,101.46932220458984,20.3700008392334
2008-04-18,102.52809143066406,20.1299991607666
2008-04-21,102.57991790771484,20.5
2008-04-22,102.12830352783203,20.8700008392334
2008-04-23,101.96541595458984,20.260000228881836
2008-04-24,102.40966796875,20.059999465942383
2008-04-25,103.35726165771484,19.59000015258789
2008-04-28,103.37954711914062,19.639999389648438
2008-04-29,102.9723129272461,20.239999771118164
2008-04-30,102.36519622802734,20.790000915527344
2008-05-01,104.4826889038086,18.8799991607666
2008-05-02,104.77141571044922,18.18000030517578
2008-05-05,104.26798248291016,18.899999618530273
2008-05-06,105.1712417602539,18.209999084472656
2008-05-07,103.29808807373047,19.729999542236328
2008-05-08,103.03154754638672,19.399999618530273
2008-05-09,102.83906555175781,19.40999984741211
2008-05-12,103.99404907226562,17.790000915527344
2008-05-13,104.00883483886719,17.979999542236328
2008-05-14,104.22357177734375,17.65999984741211
2008-05-15,105.52664184570312,16.299999237060547
2008-05-16,105.62287902832031,16.469999313354492
2008-05-19,105.91166687011719,17.010000228881836
2008-05-20,105.05276489257812,17.579999923706055
2008-05-21,103.27588653564453,18.59000015258789
2008-05-22,103.29068756103516,18.049999237060547
2008-05-23,101.9061279296875,19.549999237060547
2008-05-27,102.66136932373047,19.639999389648438
2008-05-28,103.13520050048828,19.06999969482422
2008-05-29,103.65348052978516,18.139999389648438
2008-05-30,103.9126205444336,17.829999923706055
2008-06-02,102.83906555175781,19.829999923706055
2008-06-03,102.23934936523438,20.239999771118164
2008-06-04,102.18749237060547,20.799999237060547
2008-06-05,104.23096466064453,18.6299991607666
2008-06-06,100.90666198730469,23.559999465942383
2008-06-09,101.15097045898438,23.1200008392334
2008-06-10,100.64753723144531,23.18000030517578
2008-06-11,99.16674041748047,24.1200008392334
2008-06-12,99.5443344116211,23.329999923706055
2008-06-13,100.80297088623047,21.219999313354492
2008-06-16,100.86222076416016,20.950000762939453
2008-06-17,100.37358093261719,21.1299991607666
2008-06-18,99.39627838134766,22.239999771118164
2008-06-19,99.52212524414062,21.579999923706055
2008-06-20,97.9067153930664,22.8700008392334
2008-06-23,97.80998992919922,22.639999389648438
2008-06-24,97.61653137207031,22.420000076293945
2008-06-25,98.077880859375,21.139999389648438
2008-06-26,95.4140396118164,23.93000030517578
2008-06-27,94.89315795898438,23.440000534057617
2008-06-30,95.22803497314453,23.950000762939453
2008-07-01,95.52568817138672,23.649999618530273
2008-07-02,93.8886947631836,25.920000076293945
2008-07-03,93.98538208007812,24.780000686645508
2008-07-07,93.02552795410156,25.780000686645508
2008-07-08,94.67740631103516,23.149999618530273
2008-07-09,92.8543930053711,25.229999542236328
2008-07-10,93.2338638305664,25.59000015258789
2008-07-11,92.14751434326172,27.489999771118164
2008-07-14,91.31412506103516,28.479999542236328
2008-07-15,90.02686309814453,28.540000915527344
2008-07-16,92.23677825927734,25.100000381469727
2008-07-17,93.15948486328125,25.010000228881836
2008-07-18,93.7398452758789,24.049999237060547
2008-07-21,93.79193115234375,23.049999237060547
2008-07-22,94.85597229003906,21.18000030517578
2008-07-23,95.36941528320312,21.309999465942383
2008-07-24,93.39012908935547,23.440000534057617
2008-07-25,93.36781311035156,22.90999984741211
2008-07-28,91.99866485595703,24.229999542236328
2008-07-29,93.96306610107422,22.030000686645508
2008-07-30,95.63726806640625,21.209999084472656
2008-07-31,94.3722915649414,22.940000534057617
2008-08-01,93.8738021850586,22.56999969482422
2008-08-04,93.00321960449219,23.489999771118164
2008-08-05,95.51074981689453,21.139999389648438
2008-08-06,95.93490600585938,20.229999542236328
2008-08-07,94.50624084472656,21.149999618530273
2008-08-08,96.26232147216797,20.65999984741211
2008-08-11,97.2593994140625,20.1200008392334
2008-08-12,96.2474136352539,21.170000076293945
2008-08-13,95.66703796386719,21.549999237060547
2008-08-14,96.38880920410156,20.34000015258789
2008-08-15,96.85755157470703,19.579999923706055
2008-08-18,95.53307342529297,20.979999542236328
2008-08-19,94.49139404296875,21.280000686645508
2008-08-20,94.93036651611328,20.420000076293945
2008-08-21,95.09408569335938,19.81999969482422
2008-08-22,96.47063446044922,18.809999465942383
2008-08-25,94.51367950439453,20.969999313354492
2008-08-26,94.78901672363281,20.489999771118164
2008-08-27,95.71168518066406,19.760000228881836
2008-08-28,96.87246704101562,19.43000030517578
2008-08-29,95.8307113647461,20.649999618530273
2008-09-02,95.23544311523438,21.989999771118164
2008-09-03,95.15361022949219,21.43000030517578
2008-09-04,92.28889465332031,24.030000686645508
2008-09-05,92.57908630371094,23.059999465942383
2008-09-08,94.49139404296875,22.639999389648438
2008-09-09,91.68619537353516,25.469999313354492
2008-09-10,92.05821990966797,24.520000457763672
2008-09-11,93.39012908935547,24.389999389648438
2008-09-12,93.82170867919922,25.65999984741211
2008-09-15,89.35721588134766,31.700000762939453
2008-09-16,90.8528060913086,30.299999237060547
2008-09-17,86.76778411865234,36.220001220703125
2008-09-18,89.3423080444336,33.099998474121094
2008-09-19,92.89042663574219,32.06999969482422
2008-09-22,90.78744506835938,33.849998474121094
2008-09-23,88.7219009399414,35.720001220703125
2008-09-24,89.00627899169922,35.189998626708984
2008-09-25,90.39828491210938,32.81999969482422
2008-09-26,90.44319152832031,34.7400016784668
2008-09-29,83.35591125488281,46.720001220703125
2008-09-30,86.80602264404297,39.38999938964844
2008-10-01,86.85839080810547,39.810001373291016
2008-10-02,83.70767974853516,45.2599983215332
2008-10-03,82.57756805419922,45.13999938964844
2008-10-06,78.37162017822266,52.04999923706055
2008-10-07,74.8616943359375,53.68000030517578
2008-10-08,72.97574615478516,57.529998779296875
2008-10-09,67.87916564941406,63.91999816894531
2008-10-10,66.23271942138672,69.94999694824219
2008-10-13,75.84954833984375,54.9900016784668
2008-10-14,74.7269515991211,55.130001068115234
2008-10-15,67.37026977539062,69.25
2008-10-16,70.17670440673828,67.61000061035156
2008-10-17,69.75765228271484,70.33000183105469
2008-10-20,73.94864654541016,52.970001220703125
2008-10-21,71.74087524414062,53.11000061035156
2008-10-22,67.83425903320312,69.6500015258789
2008-10-23,68.62006378173828,67.80000305175781
2008-10-24,65.1400375366211,79.12999725341797
2008-10-27,62.82749938964844,80.05999755859375
2008-10-28,70.16924285888672,66.95999908447266
2008-10-29,69.6603775024414,69.95999908447266
2008-10-30,72.0701675415039,62.900001525878906
2008-10-31,72.46678924560547,59.88999938964844
2008-11-03,72.67636108398438,53.68000030517578
2008-11-04,75.14603424072266,47.72999954223633
2008-11-05,71.98783874511719,54.560001373291016
2008-11-06,67.9988784790039,63.68000030517578
2008-11-07,70.2441177368164,56.099998474121094
2008-11-10,69.32357025146484,59.97999954223633
2008-11-11,67.18314361572266,61.439998626708984
2008-11-12,64.22700500488281,66.45999908447266
2008-11-13,68.23090362548828,59.83000183105469
2008-11-14,64.82572174072266,66.30999755859375
2008-11-17,63.965084075927734,69.1500015258789
2008-11-18,65.16998291015625,67.63999938964844
2008-11-19,60.993953704833984,74.26000213623047
2008-11-20,56.466182708740234,80.86000061035156
2008-11-21,59.51213455200195,72.66999816894531
2008-11-24,63.635765075683594,64.69999694824219
2008-11-25,64.10726928710938,60.900001525878906
2008-11-26,66.58445739746094,54.91999816894531
2008-11-28,67.42264556884766,55.279998779296875
2008-12-01,61.45048522949219,68.51000213623047
2008-12-02,63.81537628173828,62.97999954223633
2008-12-03,65.34961700439453,60.720001220703125
2008-12-04,63.83784484863281,63.63999938964844
2008-12-05,65.80611419677734,59.93000030517578
2008-12-08,68.10370635986328,58.4900016784668
2008-12-09,66.9810791015625,58.90999984741211
2008-12-10,67.4376220703125,55.72999954223633
2008-12-11,65.81360626220703,55.779998779296875
2008-12-12,66.59941101074219,54.279998779296875
2008-12-15,65.6714096069336,56.7599983215332
2008-12-16,68.76224517822266,52.369998931884766
2008-12-17,68.09619140625,49.84000015258789
2008-12-18,66.82395935058594,47.34000015258789
2008-12-19,66.53649139404297,44.93000030517578
2008-12-22,65.6839370727539,44.560001373291016
2008-12-23,65.00491333007812,45.02000045776367
2008-12-24,65.38213348388672,44.209999084472656
2008-12-26,65.75939178466797,43.380001068115234
2008-12-29,65.57079315185547,43.900001525878906
2008-12-30,67.12495422363281,41.630001068115234
2008-12-31,68.08316040039062,40.0
2009-01-02,70.13528442382812,39.189998626708984
2009-01-05,70.05228424072266,39.08000183105469
2009-01-06,70.52006530761719,38.560001373291016
2009-01-07,68.40756225585938,43.38999938964844
2009-01-08,68.68672180175781,42.560001373291016
2009-01-09,67.21551513671875,42.81999969482422
2009-01-12,65.60092163085938,45.84000015258789
2009-01-13,65.7216567993164,43.27000045776367
2009-01-14,63.6544189453125,49.13999938964844
2009-01-15,63.67705535888672,51.0
2009-01-16,64.17501831054688,46.11000061035156
2009-01-20,60.787437438964844,56.650001525878906
2009-01-21,63.412967681884766,46.41999816894531
2009-01-22,62.432186126708984,47.290000915527344
2009-01-23,62.70379638671875,47.27000045776367
2009-01-26,63.13381576538086,45.689998626708984
2009-01-27,63.77513122558594,42.25
2009-01-28,65.9328842163086,39.65999984741211
2009-01-29,63.79021453857422,42.630001068115234
2009-01-30,62.4925537109375,44.84000015258789
2009-02-02,62.303916931152344,45.52000045776367
2009-02-03,63.179115295410156,43.060001373291016
2009-02-04,62.869773864746094,43.849998474121094
2009-02-05,63.8053092956543,43.72999954223633
2009-02-06,65.62357330322266,43.369998931884766
2009-02-09,65.7140884399414,43.63999938964844
2009-02-10,62.70379638671875,46.66999816894531
2009-02-11,63.07347106933594,44.529998779296875
2009-02-12,63.118751525878906,41.25
2009-02-13,62.43973922729492,42.93000030517578
2009-02-17,59.7689208984375,48.65999984741211
2009-02-18,59.625553131103516,48.459999084472656
2009-02-19,58.98426055908203,47.08000183105469
2009-02-20,58.410892486572266,49.29999923706055
2009-02-23,56.32099914550781,52.619998931884766
2009-02-24,58.45612716674805,45.4900016784668
2009-02-25,57.99590301513672,44.66999816894531
2009-02-26,57.05283737182617,44.65999984741211
2009-02-27,55.777774810791016,46.349998474121094
2009-03-02,53.26540756225586,52.650001525878906
2009-03-03,52.86555099487305,50.93000030517578
2009-03-04,54.11794662475586,47.560001373291016
2009-03-05,51.90736770629883,50.16999816894531
2009-03-06,51.99789047241211,49.33000183105469
2009-03-09,51.38678741455078,49.68000030517578
2009-03-10,54.44992446899414,44.369998931884766
2009-03-11,54.80451202392578,43.61000061035156
2009-03-12,56.9622917175293,41.18000030517578
2009-03-13,57.407413482666016,42.36000061035156
2009-03-16,57.23390197753906,43.7400016784668
2009-03-17,58.98426055908203,40.79999923706055
2009-03-18,60.304561614990234,40.060001373291016
2009-03-19,59.55768585205078,43.68000030517578
2009-03-20,58.28945541381836,45.88999938964844
2009-03-23,62.476314544677734,43.22999954223633
2009-03-24,61.24531936645508,42.93000030517578
2009-03-25,61.89121627807617,42.25
2009-03-26,63.152584075927734,40.36000061035156
2009-03-27,62.01279830932617,41.040000915527344
2009-03-30,59.8699836730957,45.540000915527344
2009-03-31,60.42465591430664,44.13999938964844
2009-04-01,61.5948600769043,42.279998779296875
2009-04-02,63.39576721191406,42.040000915527344
2009-04-03,64.02644348144531,39.70000076293945
2009-04-06,63.524932861328125,40.93000030517578
2009-04-07,62.04318618774414,40.38999938964844
2009-04-08,62.711849212646484,38.849998474121094
2009-04-09,65.20423126220703,36.529998779296875
2009-04-13,65.21943664550781,37.810001373291016
2009-04-14,64.09484100341797,37.66999816894531
2009-04-15,64.77873229980469,36.16999816894531
2009-04-16,65.72856140136719,35.790000915527344
2009-04-17,66.16927337646484,33.939998626708984
2009-04-20,63.39576721191406,39.18000030517578
2009-04-21,64.63433837890625,37.13999938964844
2009-04-22,64.23919677734375,38.099998474121094
2009-04-23,64.86988067626953,37.150001525878906
2009-04-24,65.85010528564453,36.81999969482422
2009-04-27,65.22705078125,38.31999969482422
2009-04-28,65.02186584472656,37.95000076293945
2009-04-29,66.40483093261719,36.08000183105469
2009-04-30,66.42762756347656,36.5
2009-05-01,66.78475952148438,35.29999923706055
2009-05-04,69.0567398071289,34.529998779296875
2009-05-05,68.82123565673828,33.36000061035156
2009-05-06,70.01420593261719,32.45000076293945
2009-05-07,69.04154205322266,33.439998626708984
2009-05-08,70.6524658203125,32.04999923706055
2009-05-11,69.330322265625,32.869998931884766
2009-05-12,69.1251449584961,31.799999237060547
2009-05-13,67.38504028320312,33.650001525878906
2009-05-14,67.96253967285156,31.3700008392334
2009-05-15,67.40786743164062,33.119998931884766
2009-05-18,69.32272338867188,30.239999771118164
2009-05-19,69.23914337158203,28.799999237060547
2009-05-20,68.77558898925781,29.030000686645508
2009-05-21,67.78778076171875,31.350000381469727
2009-05-22,67.64341735839844,32.630001068115234
2009-05-26,69.37593841552734,30.6200008392334
2009-05-27,68.13733673095703,32.36000061035156
2009-05-28,69.08716583251953,31.670000076293945
2009-05-29,70.31053924560547,28.920000076293945
2009-06-01,72.01264190673828,30.040000915527344
2009-06-02,72.0734634399414,29.6299991607666
2009-06-03,71.16160583496094,31.020000457763672
2009-06-04,71.83028411865234,30.18000030517578
2009-06-05,71.84546661376953,29.6200008392334
2009-06-08,71.54916381835938,29.770000457763672
2009-06-09,71.91383361816406,28.270000457763672
2009-06-10,71.73149108886719,28.459999084472656
2009-06-11,72.05060577392578,28.110000610351562
2009-06-12,72.24820709228516,28.149999618530273
2009-06-15,70.59169006347656,30.809999465942383
2009-06-16,69.6342544555664,32.68000030517578
2009-06-17,69.5658950805664,31.540000915527344
2009-06-18,70.07498168945312,30.030000686645508
2009-06-19,70.33326721191406,27.989999771118164
2009-06-22,68.22415924072266,31.170000076293945
2009-06-23,68.27765655517578,30.579999923706055
2009-06-24,68.86607360839844,29.049999237060547
2009-06-25,70.36382293701172,26.360000610351562
2009-06-26,70.18043518066406,25.93000030517578
2009-06-29,70.83761596679688,25.350000381469727
2009-06-30,70.26448059082031,26.350000381469727
2009-07-01,70.55487060546875,26.219999313354492
2009-07-02,68.62920379638672,27.950000762939453
2009-07-06,68.62155151367188,29.0
2009-07-07,67.29193878173828,30.850000381469727
2009-07-08,67.24607849121094,31.299999237060547
2009-07-09,67.37596893310547,29.780000686645508
2009-07-10,67.21549987792969,29.020000457763672
2009-07-13,68.85081481933594,26.309999465942383
2009-07-14,69.24052429199219,25.020000457763672
2009-07-15,71.26551818847656,25.889999389648438
2009-07-16,71.15093994140625,25.420000076293945
2009-07-17,71.93035888671875,24.34000015258789
2009-07-20,72.69451904296875,24.399999618530273
2009-07-21,73.03074645996094,23.8700008392334
2009-07-22,73.01544189453125,23.469999313354492
2009-07-23,74.62786102294922,23.43000030517578
2009-07-24,74.93353271484375,23.09000015258789
2009-07-27,75.15510559082031,24.280000686645508
2009-07-28,74.8036117553711,25.010000228881836
2009-07-29,74.62019348144531,25.610000610351562
2009-07-30,75.39965057373047,25.399999618530273
2009-07-31,75.50662994384766,25.920000076293945
2009-08-03,76.7522201538086,25.559999465942383
2009-08-04,76.9509048461914,24.889999389648438
2009-08-05,76.72928619384766,24.899999618530273
2009-08-06,76.33191680908203,25.670000076293945
2009-08-07,77.33296966552734,24.760000228881836
2009-08-10,77.17249298095703,24.989999771118164
2009-08-11,76.20965576171875,25.989999771118164
2009-08-12,77.0273208618164,25.450000762939453
2009-08-13,77.61569213867188,24.709999084472656
2009-08-14,77.0196762084961,24.270000457763672
2009-08-17,75.12456512451172,27.889999389648438
2009-08-18,75.72057342529297,26.18000030517578
2009-08-19,76.38543701171875,26.260000228881836
2009-08-20,77.17249298095703,25.09000015258789
2009-08-21,78.68553924560547,25.010000228881836
2009-08-24,78.67791748046875,25.139999389648438
2009-08-25,78.83074188232422,24.920000076293945
2009-08-26,78.83838653564453,24.950000762939453
2009-08-27,79.01411437988281,24.68000030517578
2009-08-28,78.99884033203125,24.760000228881836
2009-08-31,78.2957992553711,26.010000228881836
2009-09-01,76.56884002685547,29.149999618530273
2009-09-02,76.27843475341797,28.899999618530273
2009-09-03,76.91266632080078,27.100000381469727
2009-09-04,77.99015045166016,25.260000228881836
2009-09-08,78.66259765625,25.6200008392334
2009-09-09,79.26630401611328,24.31999969482422
2009-09-10,80.07630920410156,23.549999237060547
2009-09-11,80.06102752685547,24.149999618530273
2009-09-14,80.45075225830078,23.860000610351562
2009-09-15,80.78697967529297,23.420000076293945
2009-09-16,82.0096664428711,23.690000534057617
2009-09-17,81.88737487792969,23.649999618530273
2009-09-18,81.9395980834961,23.920000076293945
2009-09-21,81.73226928710938,24.059999465942383
2009-09-22,82.20832061767578,23.079999923706055
2009-09-23,81.52499389648438,23.489999771118164
2009-09-24,80.62666320800781,24.950000762939453
2009-09-25,80.19669342041016,25.610000610351562
2009-09-28,81.63245391845703,24.8799991607666
2009-09-29,81.38675689697266,25.190000534057617
2009-09-30,81.07196807861328,25.610000610351562
2009-10-01,79.06034088134766,28.270000457763672
2009-10-02,78.69178009033203,28.68000030517578
2009-10-05,79.86651611328125,26.84000015258789
2009-10-06,81.01053619384766,25.700000762939453
2009-10-07,81.23320770263672,24.68000030517578
2009-10-08,81.85514068603516,24.18000030517578
2009-10-09,82.35420227050781,23.1200008392334
2009-10-12,82.67667388916016,23.010000228881836
2009-10-13,82.50776672363281,22.989999771118164
2009-10-14,83.92817687988281,22.860000610351562
2009-10-15,84.23530578613281,21.719999313354492
2009-10-16,83.60570526123047,21.43000030517578
2009-10-19,84.2967300415039,21.489999771118164
2009-10-20,83.85139465332031,20.899999618530273
2009-10-21,83.09896850585938,22.219999313354492
2009-10-22,83.94352722167969,20.690000534057617
2009-10-23,82.9837875366211,22.270000457763672
2009-10-26,82.08546447753906,24.309999465942383
2009-10-27,81.709228515625,24.829999923706055
2009-10-28,80.16595458984375,27.90999984741211
2009-10-29,81.88581848144531,24.760000228881836
2009-10-30,79.5133285522461,30.690000534057617
2009-11-02,80.09684753417969,29.780000686645508
2009-11-03,80.35023498535156,28.809999465942383
2009-11-04,80.55754089355469,27.719999313354492
2009-11-05,82.03939056396484,25.43000030517578
2009-11-06,82.25437927246094,24.190000534057617
2009-11-09,84.12781524658203,23.149999618530273
2009-11-10,84.14315032958984,22.84000015258789
2009-11-11,84.5731201171875,23.040000915527344
2009-11-12,83.71320343017578,24.239999771118164
2009-11-13,84.16619873046875,23.360000610351562
2009-11-16,85.38700103759766,22.889999389648438
2009-11-17,85.4867935180664,22.40999984741211
2009-11-18,85.43305969238281,21.6299991607666
2009-11-19,84.31976318359375,22.6299991607666
2009-11-20,84.02031707763672,22.190000534057617
2009-11-23,85.08757781982422,21.15999984741211
2009-11-24,85.21807861328125,20.469999313354492
2009-11-25,85.51751708984375,20.479999542236328
2009-11-27,84.12781524658203,24.739999771118164
2009-11-30,84.41190338134766,24.510000228881836
2009-12-01,85.45610809326172,21.920000076293945
2009-12-02,85.41770935058594,21.1200008392334
2009-12-03,84.74971008300781,22.459999084472656
2009-12-04,85.23343658447266,21.25
2009-12-07,85.1029281616211,22.100000381469727
2009-12-08,84.15851593017578,23.690000534057617
2009-12-09,84.47332763671875,22.65999984741211
2009-12-10,84.94933319091797,22.31999969482422
2009-12-11,85.31022644042969,21.59000015258789
2009-12-14,85.89376068115234,21.149999618530273
2009-12-15,85.4944839477539,21.489999771118164
2009-12-16,85.62503814697266,20.540000915527344
2009-12-17,84.59619140625,22.510000228881836
2009-12-18,85.07479095458984,21.68000030517578
2009-12-21,85.93932342529297,20.489999771118164
2009-12-22,86.24810791015625,19.540000915527344
2009-12-23,86.41793823242188,19.709999084472656
2009-12-24,86.82705688476562,19.469999313354492
2009-12-28,87.0123291015625,19.93000030517578
2009-12-29,86.88882446289062,20.010000228881836
2009-12-30,86.85792541503906,19.959999084472656
2009-12-31,86.02423858642578,21.68000030517578
2010-01-04,87.48320770263672,20.040000915527344
2010-01-05,87.71476745605469,19.350000381469727
2010-01-06,87.77654266357422,19.15999984741211
2010-01-07,88.14704895019531,19.059999465942383
2010-01-08,88.44039916992188,18.1299991607666
2010-01-11,88.56392669677734,17.549999237060547
2010-01-12,87.7379150390625,18.25
2010-01-13,88.47899627685547,17.850000381469727
2010-01-14,88.71827697753906,17.6299991607666
2010-01-15,87.7225341796875,17.90999984741211
2010-01-19,88.8186264038086,17.579999923706055
2010-01-20,87.91547393798828,18.68000030517578
2010-01-21,86.22492980957031,22.270000457763672
2010-01-22,84.30282592773438,27.309999465942383
2010-01-25,84.73512268066406,25.40999984741211
2010-01-26,84.38003540039062,24.549999237060547
2010-01-27,84.78142547607422,23.139999389648438
2010-01-28,83.80880737304688,23.729999542236328
2010-01-29,82.89791107177734,24.6200008392334
2010-02-01,84.1870346069336,22.59000015258789
2010-02-02,85.20598602294922,21.479999542236328
2010-02-03,84.78142547607422,21.600000381469727
2010-02-04,82.16455841064453,26.079999923706055
2010-02-05,82.33441925048828,26.110000610351562
2010-02-08,81.74002838134766,26.510000228881836
2010-02-09,82.76668548583984,26.0
2010-02-10,82.60458374023438,25.399999618530273
2010-02-11,83.46914672851562,23.959999084472656
2010-02-12,83.39969635009766,22.729999542236328
2010-02-16,84.71197509765625,22.25
2010-02-17,85.11335754394531,21.719999313354492
2010-02-18,85.61514282226562,20.6299991607666
2010-02-19,85.79264068603516,20.020000457763672
2010-02-22,85.80811309814453,19.940000534057617
2010-02-23,84.76599884033203,21.3700008392334
2010-02-24,85.545654296875,20.270000457763672
2010-02-25,85.42984008789062,20.100000381469727
2010-02-26,85.48390197753906,19.5
2010-03-01,86.37157440185547,19.260000228881836
2010-03-02,86.61091613769531,19.059999465942383
2010-03-03,86.6880874633789,18.829999923706055
2010-03-04,86.9505386352539,18.719999313354492
2010-03-05,88.19339752197266,17.420000076293945
2010-03-08,88.20880889892578,17.790000915527344
2010-03-09,88.3554916381836,17.920000076293945
2010-03-10,88.74918365478516,18.56999969482422
2010-03-11,89.11967468261719,18.059999465942383
2010-03-12,89.12743377685547,17.579999923706055
2010-03-15,89.15055847167969,18.0
2010-03-16,89.8607406616211,17.690000534057617
2010-03-17,90.39340209960938,16.90999984741211
2010-03-18,90.34705352783203,16.6200008392334
2010-03-19,89.88976287841797,16.969999313354492
2010-03-22,90.37032318115234,16.8700008392334
2010-03-23,91.00589752197266,16.350000381469727
2010-03-24,90.56411743164062,17.549999237060547
2010-03-25,90.41683197021484,18.399999618530273
2010-03-26,90.36255645751953,17.770000457763672
2010-03-29,90.93616485595703,17.59000015258789
2010-03-30,90.9981918334961,17.1299991607666
2010-03-31,90.6881103515625,17.59000015258789
2010-04-01,91.3082046508789,17.469999313354492
2010-04-05,92.05232238769531,17.020000457763672
2010-04-06,92.26934814453125,16.229999542236328
2010-04-07,91.74224090576172,16.6200008392334
2010-04-08,92.06006622314453,16.479999542236328
2010-04-09,92.66466522216797,16.139999389648438
2010-04-12,92.81195831298828,15.579999923706055
2010-04-13,92.88167572021484,16.200000762939453
2010-04-14,93.93582916259766,15.59000015258789
2010-04-15,94.01334381103516,15.890000343322754
2010-04-16,92.51738739013672,18.360000610351562
2010-04-19,92.86618041992188,17.34000015258789
2010-04-20,93.69557189941406,15.729999542236328
2010-04-21,93.5250244140625,16.31999969482422
2010-04-22,93.80406951904297,16.469999313354492
2010-04-23,94.41641235351562,16.6200008392334
2010-04-26,94.05988311767578,17.469999313354492
2010-04-27,91.83528900146484,22.809999465942383
2010-04-28,92.53289031982422,21.079999923706055
2010-04-29,93.68006896972656,18.440000534057617
2010-04-30,92.09107971191406,22.049999237060547
2010-05-03,93.28472137451172,20.190000534057617
2010-05-04,91.09119415283203,23.84000015258789
2010-05-05,90.5486068725586,24.90999984741211
2010-05-06,87.54118347167969,32.79999923706055
2010-05-07,86.23897552490234,40.95000076293945
2010-05-10,90.03703308105469,28.84000015258789
2010-05-11,89.7812728881836,28.31999969482422
2010-05-12,91.03692626953125,25.520000457763672
2010-05-13,89.90522766113281,26.68000030517578
2010-05-14,88.27751159667969,31.239999771118164
2010-05-17,88.32404327392578,30.84000015258789
2010-05-18,87.1225814819336,33.54999923706055
2010-05-19,86.62652587890625,35.31999969482422
2010-05-20,83.35556030273438,45.790000915527344
2010-05-21,84.57249450683594,40.099998474121094
2010-05-24,83.48734283447266,38.31999969482422
2010-05-25,83.57259368896484,34.61000061035156
2010-05-26,83.06877136230469,35.02000045776367
2010-05-27,85.8514175415039,29.68000030517578
2010-05-28,84.7740249633789,32.06999969482422
2010-06-01,83.34780883789062,35.540000915527344
2010-06-02,85.51812744140625,30.170000076293945
2010-06-03,85.8126449584961,29.459999084472656
2010-06-04,82.79747772216797,35.47999954223633
2010-06-07,81.76659393310547,36.56999969482422
2010-06-08,82.64246368408203,33.70000076293945
2010-06-09,82.20063018798828,33.72999954223633
2010-06-10,84.6034927368164,30.56999969482422
2010-06-11,85.0143051147461,28.790000915527344
2010-06-14,84.88252258300781,28.579999923706055
2010-06-15,86.81253814697266,25.8700008392334
2010-06-16,86.78153228759766,25.920000076293945
2010-06-17,86.92107391357422,25.049999237060547
2010-06-18,87.01534271240234,23.950000762939453
2010-06-21,86.76609802246094,24.8799991607666
2010-06-22,85.33309936523438,27.049999237060547
2010-06-23,85.06832885742188,26.90999984741211
2010-06-24,83.65867614746094,29.739999771118164
2010-06-25,84.00916290283203,28.530000686645508
2010-06-28,83.74435424804688,29.0
2010-06-29,81.15872192382812,34.130001068115234
2010-06-30,80.38774108886719,34.540000915527344
2010-07-01,80.02946472167969,32.86000061035156
2010-07-02,79.59334564208984,30.1200008392334
2010-07-06,80.11517333984375,29.649999618530273
2010-07-07,82.63843536376953,26.84000015258789
2010-07-08,83.4561996459961,25.709999084472656
2010-07-09,84.07928466796875,24.979999542236328
2010-07-12,84.1337661743164,24.43000030517578
2010-07-13,85.4031982421875,24.559999465942383
2010-07-14,85.39541625976562,24.889999389648438
2010-07-15,85.41878509521484,25.139999389648438
2010-07-16,83.06678771972656,26.25
2010-07-19,83.55744934082031,25.969999313354492
2010-07-20,84.48420715332031,23.93000030517578
2010-07-21,83.38611602783203,25.639999389648438
2010-07-22,85.24742126464844,24.6299991607666
2010-07-23,85.98731231689453,23.469999313354492
2010-07-26,86.88291931152344,22.729999542236328
2010-07-27,86.8751449584961,23.190000534057617
2010-07-28,86.31438446044922,24.25
2010-07-29,85.89385986328125,24.1299991607666
2010-07-30,85.87825012207031,23.5
2010-08-02,87.81744384765625,22.010000228881836
2010-08-03,87.39692687988281,22.6299991607666
2010-08-04,87.98101806640625,22.209999084472656
2010-08-05,87.88755798339844,22.100000381469727
2010-08-06,87.5293197631836,21.739999771118164
2010-08-09,87.99658203125,22.139999389648438
2010-08-10,87.52153015136719,22.3700008392334
2010-08-11,85.12285614013672,25.389999389648438
2010-08-12,84.60100555419922,25.729999542236328
2010-08-13,84.35183715820312,26.239999771118164
2010-08-16,84.31288146972656,26.100000381469727
2010-08-17,85.34867858886719,24.329999923706055
2010-08-18,85.50442504882812,24.59000015258789
2010-08-19,84.01695251464844,26.440000534057617
2010-08-20,83.74435424804688,25.489999771118164
2010-08-23,83.42505645751953,25.65999984741211
2010-08-24,82.18673706054688,27.459999084472656
2010-08-25,82.5060806274414,26.700000762939453
2010-08-26,81.953125,27.3700008392334
2010-08-27,83.22254943847656,24.450000762939453
2010-08-30,82.01541900634766,27.209999084472656
2010-08-31,82.01541900634766,26.049999237060547
2010-09-01,84.46862030029297,23.889999389648438
2010-09-02,85.25523376464844,23.190000534057617
2010-09-03,86.36112213134766,21.309999465942383
2010-09-07,85.38761138916016,23.799999237060547
2010-09-08,85.98731231689453,23.25
2010-09-09,86.38450622558594,22.809999465942383
2010-09-10,86.82063293457031,21.989999771118164
2010-09-13,87.78632354736328,21.209999084472656
2010-09-14,87.73178100585938,21.559999465942383
2010-09-15,88.06669616699219,22.100000381469727
2010-09-16,88.0433349609375,21.719999313354492
2010-09-17,88.07620239257812,22.010000228881836
2010-09-20,89.42292022705078,21.5
2010-09-21,89.24285125732422,22.350000381469727
2010-09-22,88.80436706542969,22.510000228881836
2010-09-23,88.08405303955078,23.8700008392334
2010-09-24,89.9005355834961,21.709999084472656
2010-09-27,89.46990966796875,22.540000915527344
2010-09-28,89.7831039428711,22.600000381469727
2010-09-29,89.62650299072266,23.25
2010-09-30,89.36027526855469,23.700000762939453
2010-10-01,89.73612213134766,22.5
2010-10-04,89.06277465820312,23.530000686645508
2010-10-05,90.85576629638672,21.760000228881836
2010-10-06,90.847900390625,21.489999771118164
2010-10-07,90.7383041381836,21.559999465942383
2010-10-08,91.24726104736328,20.709999084472656
2010-10-11,91.33338165283203,18.959999084472656
2010-10-12,91.615234375,18.93000030517578
2010-10-13,92.32771301269531,19.06999969482422
2010-10-14,91.96755981445312,19.8799991607666
2010-10-15,92.1554946899414,19.030000686645508
2010-10-18,92.60960388183594,19.09000015258789
2010-10-19,91.39599609375,20.6299991607666
2010-10-20,92.28861236572266,19.790000915527344
2010-10-21,92.49215698242188,19.270000457763672
2010-10-22,92.66438293457031,18.780000686645508
2010-10-25,92.93846130371094,19.850000381469727
2010-10-26,92.9541244506836,20.219999313354492
2010-10-27,92.68790435791016,20.709999084472656
2010-10-28,92.70354461669922,20.8799991607666
2010-10-29,92.7740478515625,21.200000762939453
2010-11-01,92.80533599853516,21.829999923706055
2010-11-02,93.54134368896484,21.56999969482422
2010-11-03,93.91716003417969,19.559999465942383
2010-11-04,95.7258071899414,18.520000457763672
2010-11-05,96.08599853515625,18.260000228881836
2010-11-08,95.90589904785156,18.290000915527344
2010-11-09,95.21688079833984,19.079999923706055
2010-11-10,95.60052490234375,18.469999313354492
2010-11-11,95.24040985107422,18.639999389648438
2010-11-12,94.11289978027344,20.610000610351562
2010-11-15,93.97980499267578,20.200000762939453
2010-11-16,92.51565551757812,22.579999923706055
2010-11-17,92.5626220703125,21.760000228881836
2010-11-18,93.92498016357422,18.75
2010-11-19,94.18335723876953,18.040000915527344
2010-11-22,94.10507202148438,18.3700008392334
2010-11-23,92.74269104003906,20.6299991607666
2010-11-24,94.11289978027344,19.559999465942383
2010-11-26,93.01677703857422,22.219999313354492
2010-11-29,93.2986068725586,21.530000686645508
2010-11-30,92.7740478515625,23.540000915527344
2010-12-01,94.74710845947266,21.360000610351562
2010-12-02,95.96073150634766,19.389999389648438
2010-12-03,96.21908569335938,18.010000228881836
2010-12-06,96.11730194091797,18.020000457763672
2010-12-07,96.17211151123047,17.989999771118164
2010-12-08,96.52447509765625,17.739999771118164
2010-12-09,96.9002685546875,17.25
2010-12-10,97.46403503417969,17.610000610351562
2010-12-13,97.52662658691406,17.549999237060547
2010-12-14,97.6127700805664,17.610000610351562
2010-12-15,97.16648864746094,17.940000534057617
2010-12-16,97.73020935058594,17.389999389648438
2010-12-17,97.83488464355469,16.110000610351562
2010-12-20,98.0710220336914,16.40999984741211
2010-12-21,98.6928482055664,16.489999771118164
2010-12-22,98.99980163574219,15.449999809265137
2010-12-23,98.85811614990234,16.469999313354492
2010-12-27,98.89747619628906,17.670000076293945
2010-12-28,99.0391616821289,17.520000457763672
2010-12-29,99.10999298095703,17.280000686645508
2010-12-30,98.95257568359375,17.520000457763672
2010-12-31,98.97618865966797,17.75
2011-01-03,99.99938201904297,17.610000610351562
2011-01-04,99.94429016113281,17.3799991607666
2011-01-05,100.46378326416016,17.020000457763672
2011-01-06,100.26701354980469,17.399999618530273
2011-01-07,100.07024383544922,17.139999389648438
2011-01-10,99.94429016113281,17.540000915527344
2011-01-11,100.29850006103516,16.889999389648438
2011-01-12,101.20361328125,16.239999771118164
2011-01-13,101.03834533691406,16.389999389648438
2011-01-14,101.77033996582031,15.460000038146973
2011-01-18,101.94351196289062,15.869999885559082
2011-01-19,100.94390869140625,17.309999465942383
2011-01-20,100.81010437011719,17.989999771118164
2011-01-21,101.03834533691406,18.469999313354492
2011-01-24,101.6129150390625,17.649999618530273
2011-01-25,101.66802215576172,17.59000015258789
2011-01-26,102.06156158447266,16.639999389648438
2011-01-27,102.31344604492188,16.149999618530273
2011-01-28,100.52677154541016,20.040000915527344
2011-01-31,101.28236389160156,19.530000686645508
2011-02-01,102.90373229980469,17.6299991607666
2011-02-02,102.70697021484375,17.299999237060547
2011-02-03,102.93524932861328,16.690000534057617
2011-02-04,103.22644805908203,15.930000305175781
2011-02-07,103.87186431884766,16.280000686645508
2011-02-08,104.3441162109375,15.8100004196167
2011-02-09,104.10798645019531,15.869999885559082
2011-02-10,104.14737701416016,16.09000015258789
2011-02-11,104.76914978027344,15.6899995803833
2011-02-14,105.02101135253906,15.949999809265137
2011-02-15,104.69041442871094,16.3700008392334
2011-02-16,105.35160064697266,16.719999313354492
2011-02-17,105.66639709472656,16.59000015258789
2011-02-18,105.88679504394531,16.43000030517578
2011-02-22,103.76167297363281,20.799999237060547
2011-02-23,103.12413787841797,22.1299991607666
2011-02-24,103.05327606201172,21.31999969482422
2011-02-25,104.15524291992188,19.219999313354492
2011-02-28,104.8006591796875,18.350000381469727
2011-03-01,103.05327606201172,21.010000228881836
2011-03-02,103.2737045288086,20.700000762939453
2011-03-03,105.05250549316406,18.600000381469727
2011-03-04,104.26544952392578,19.059999465942383
2011-03-07,103.44683074951172,20.65999984741211
2011-03-08,104.35198211669922,19.81999969482422
2011-03-09,104.20243072509766,20.219999313354492
2011-03-10,102.27407836914062,21.8799991607666
2011-03-11,102.98243713378906,20.079999923706055
2011-03-14,102.36067962646484,21.1299991607666
2011-03-15,101.18790435791016,24.31999969482422
2011-03-16,99.31462097167969,29.399999618530273
2011-03-17,100.62904357910156,26.3700008392334
2011-03-18,100.99508666992188,24.440000534057617
2011-03-21,102.56029510498047,20.610000610351562
2011-03-22,102.20455169677734,20.209999084472656
2011-03-23,102.49701690673828,19.170000076293945
2011-03-24,103.47725677490234,18.0
2011-03-25,103.79344940185547,17.90999984741211
2011-03-28,103.54048919677734,19.440000534057617
2011-03-29,104.23616790771484,18.15999984741211
2011-03-30,104.95552062988281,17.709999084472656
2011-03-31,104.81320190429688,17.739999771118164
2011-04-01,105.25593566894531,17.399999618530273
2011-04-04,105.34288024902344,17.5
2011-04-05,105.32705688476562,17.25
2011-04-06,105.65907287597656,16.899999618530273
2011-04-07,105.3902816772461,17.110000610351562
2011-04-08,105.02665710449219,17.8700008392334
2011-04-11,104.7104263305664,16.59000015258789
2011-04-12,103.92787170410156,17.09000015258789
2011-04-13,103.91995239257812,16.920000076293945
2011-04-14,103.99896240234375,16.270000457763672
2011-04-15,104.37845611572266,15.319999694824219
2011-04-18,103.20848083496094,16.959999084472656
2011-04-19,103.80136108398438,15.829999923706055
2011-04-20,105.21640014648438,15.069999694824219
2011-04-21,105.7539291381836,14.6899995803833
2011-04-25,105.64324951171875,15.770000457763672
2011-04-26,106.55232238769531,15.619999885559082
2011-04-27,107.24797821044922,15.350000381469727
2011-04-28,107.59580993652344,14.619999885559082
2011-04-29,107.84874725341797,14.75
2011-05-02,107.68276977539062,15.989999771118164
2011-05-03,107.2953872680664,16.700000762939453
2011-05-04,106.58397674560547,17.079999923706055
2011-05-05,105.61952209472656,18.200000762939453
2011-05-06,106.08592987060547,18.399999618530273
2011-05-09,106.49697875976562,17.15999984741211
2011-05-10,107.40609741210938,15.90999984741211
2011-05-11,106.27566528320312,16.950000762939453
2011-05-12,106.78153228759766,16.030000686645508
2011-05-13,105.95945739746094,17.06999969482422
2011-05-16,105.28752899169922,18.239999771118164
2011-05-17,105.27169036865234,17.549999237060547
2011-05-18,106.21239471435547,16.229999542236328
2011-05-19,106.46537780761719,15.520000457763672
2011-05-20,105.61952209472656,17.43000030517578
2011-05-23,104.39425659179688,18.270000457763672
2011-05-24,104.30731201171875,17.81999969482422
2011-05-25,104.65510559082031,17.06999969482422
2011-05-26,105.1373291015625,16.09000015258789
2011-05-27,105.54045867919922,15.979999542236328
2011-05-31,106.63927459716797,15.449999809265137
2011-06-01,104.24404907226562,18.299999237060547
2011-06-02,104.13334655761719,18.09000015258789
2011-06-03,103.09783935546875,17.950000762939453
2011-06-06,102.00690460205078,18.489999771118164
2011-06-07,101.94367980957031,18.06999969482422
2011-06-08,101.51677703857422,18.790000915527344
2011-06-09,102.29150390625,17.770000457763672
2011-06-10,100.86859893798828,18.860000610351562
2011-06-13,100.94764709472656,19.610000610351562
2011-06-14,102.22826385498047,18.260000228881836
2011-06-15,100.41007995605469,21.31999969482422
2011-06-16,100.63141632080078,22.729999542236328
2011-06-17,100.9317398071289,21.850000381469727
2011-06-20,101.44810485839844,19.989999771118164
2011-06-21,102.8383560180664,18.860000610351562
2011-06-22,102.21871948242188,18.520000457763672
2011-06-23,101.92477416992188,19.290000915527344
2011-06-24,100.74107360839844,21.100000381469727
2011-06-27,101.63877868652344,20.559999465942383
2011-06-28,102.96546173095703,19.170000076293945
2011-06-29,103.84725952148438,17.270000457763672
2011-06-30,104.84027862548828,16.520000457763672
2011-07-01,106.38945007324219,15.869999885559082
2011-07-05,106.30206298828125,16.059999465942383
2011-07-06,106.42915344238281,16.34000015258789
2011-07-07,107.53341674804688,15.949999809265137
2011-07-08,106.77074432373047,15.949999809265137
2011-07-11,104.84027862548828,18.389999389648438
2011-07-12,104.3874740600586,19.8700008392334
2011-07-13,104.73702239990234,19.90999984741211
2011-07-14,104.01411437988281,20.799999237060547
2011-07-15,104.61788940429688,19.530000686645508
2011-07-18,103.7598876953125,20.950000762939453
2011-07-19,105.44409942626953,19.209999084472656
2011-07-20,105.3805160522461,19.09000015258789
2011-07-21,106.84223175048828,17.559999465942383
2011-07-22,106.91375732421875,17.520000457763672
2011-07-25,106.3179702758789,19.350000381469727
2011-07-26,105.92073822021484,20.229999542236328
2011-07-27,103.75192260742188,22.979999542236328
2011-07-28,103.45008087158203,23.739999771118164
2011-07-29,102.7430419921875,25.25
2011-08-01,102.30609893798828,23.65999984741211
2011-08-02,99.69245910644531,24.790000915527344
2011-08-03,100.23263549804688,23.3799991607666
2011-08-04,95.5375747680664,31.65999984741211
2011-08-05,95.39461517333984,32.0
2011-08-08,89.18216705322266,48.0
2011-08-09,93.32904052734375,35.060001373291016
2011-08-10,89.20602416992188,42.9900016784668
2011-08-11,93.20990753173828,39.0
2011-08-12,93.8375244140625,36.36000061035156
2011-08-15,95.82359313964844,31.8700008392334
2011-08-16,95.00531768798828,32.849998474121094
2011-08-17,95.06887817382812,31.579999923706055
2011-08-18,90.96964263916016,42.66999816894531
2011-08-19,89.48406219482422,43.04999923706055
2011-08-22,89.5555648803711,42.439998626708984
2011-08-23,92.50289916992188,36.27000045776367
2011-08-24,93.80573272705078,35.900001525878906
2011-08-25,92.37577056884766,39.7599983215332
2011-08-26,93.71834564208984,35.59000015258789
2011-08-29,96.41146087646484,32.279998779296875
2011-08-30,96.66566467285156,32.88999938964844
2011-08-31,97.09466552734375,31.6200008392334
2011-09-01,96.07778930664062,31.81999969482422
2011-09-02,93.62300872802734,33.91999816894531
2011-09-06,92.9398193359375,37.0
2011-09-07,95.56138610839844,33.380001068115234
2011-09-08,94.56837463378906,34.31999969482422
2011-09-09,92.08976745605469,38.52000045776367
2011-09-12,92.68560028076172,38.59000015258789
2011-09-13,93.53562927246094,36.90999984741211
2011-09-14,94.83052062988281,34.599998474121094
2011-09-15,96.46707916259766,31.969999313354492
2011-09-16,97.03800201416016,30.979999542236328
2011-09-19,96.07179260253906,32.72999954223633
2011-09-20,95.95999145507812,32.86000061035156
2011-09-21,93.1331558227539,37.31999969482422
2011-09-22,90.1227035522461,41.349998474121094
2011-09-23,90.66570281982422,41.25
2011-09-26,92.82173919677734,39.02000045776367
2011-09-27,93.8598403930664,37.709999084472656
2011-09-28,91.94335174560547,41.08000183105469
2011-09-29,92.67002868652344,38.84000015258789
2011-09-30,90.35429382324219,42.959999084472656
2011-10-03,87.78298950195312,45.45000076293945
2011-10-04,89.70743560791016,40.81999969482422
2011-10-05,91.368408203125,37.810001373291016
2011-10-06,93.02135467529297,36.27000045776367
2011-10-07,92.39854431152344,36.20000076293945
2011-10-10,95.48883056640625,33.02000045776367
2011-10-11,95.58470153808594,32.86000061035156
2011-10-12,96.42314910888672,31.260000228881836
2011-10-13,96.23149871826172,30.700000762939453
2011-10-14,97.87647247314453,28.239999771118164
2011-10-17,96.0079116821289,33.38999938964844
2011-10-18,97.88446044921875,31.559999465942383
2011-10-19,96.7265853881836,34.439998626708984
2011-10-20,97.14983367919922,34.779998779296875
2011-10-21,98.99443817138672,31.31999969482422
2011-10-24,100.20820617675781,29.260000228881836
2011-10-25,98.25977325439453,32.220001220703125
2011-10-26,99.25792694091797,29.860000610351562
2011-10-27,102.71561431884766,25.459999084472656
2011-10-28,102.69163513183594,24.530000686645508
2011-10-31,100.21619415283203,29.959999084472656
2011-11-01,97.42130279541016,34.77000045776367
2011-11-02,99.0103988647461,32.7400016784668
2011-11-03,100.81509399414062,30.5
2011-11-04,100.2002182006836,30.15999984741211
2011-11-07,100.82308197021484,29.850000381469727
2011-11-08,102.11670684814453,27.479999542236328
2011-11-09,98.34761047363281,36.15999984741211
2011-11-10,99.27388763427734,32.810001373291016
2011-11-11,101.14248657226562,30.040000915527344
2011-11-14,100.18423461914062,31.1299991607666
2011-11-15,100.67933654785156,31.219999313354492
2011-11-16,99.08226013183594,33.5099983215332
2011-11-17,97.5091781616211,34.5099983215332
2011-11-18,97.40534973144531,32.0
2011-11-21,95.552734375,32.90999984741211
2011-11-22,95.17740631103516,31.969999313354492
2011-11-23,93.07727813720703,33.97999954223633
2011-11-25,92.90159606933594,34.470001220703125
2011-11-28,95.59268188476562,32.130001068115234
2011-11-29,95.86418914794922,30.639999389648438
2011-11-30,99.8089370727539,27.799999237060547
2011-12-01,99.79293823242188,27.40999984741211
2011-12-02,99.70512390136719,27.520000457763672
2011-12-05,100.7911376953125,27.84000015258789
2011-12-06,100.82308197021484,28.1299991607666
2011-12-07,101.19837951660156,28.670000076293945
2011-12-08,98.97845458984375,30.59000015258789
2011-12-09,100.65535736083984,26.3799991607666
2011-12-12,99.18607330322266,25.670000076293945
2011-12-13,98.25977325439453,25.40999984741211
2011-12-14,97.21366882324219,26.040000915527344
2011-12-15,97.56503295898438,25.110000610351562
2011-12-16,97.70970153808594,24.290000915527344
2011-12-19,96.6650161743164,24.920000076293945
2011-12-20,99.59010314941406,23.219999313354492
2011-12-21,99.7829818725586,21.43000030517578
2011-12-22,100.66693115234375,21.15999984741211
2011-12-23,101.56696319580078,20.729999542236328
2011-12-27,101.64733123779297,21.90999984741211
2011-12-28,100.31336212158203,23.520000457763672
2011-12-29,101.3499984741211,22.649999618530273
2011-12-30,100.85176849365234,23.399999618530273
2012-01-03,102.4589614868164,22.969999313354492
2012-01-04,102.61968994140625,22.219999313354492
2012-01-05,102.89289093017578,21.479999542236328
2012-01-06,102.62772369384766,20.6299991607666
2012-01-09,102.87686157226562,21.06999969482422
2012-01-10,103.76885223388672,20.690000534057617
2012-01-11,103.82508850097656,21.049999237060547
2012-01-12,104.07421875,20.469999313354492
2012-01-13,103.53580474853516,20.90999984741211
2012-01-17,103.9375991821289,22.200000762939453
2012-01-18,105.08673858642578,20.889999389648438
2012-01-19,105.6412353515625,19.8700008392334
2012-01-20,106.03499603271484,18.280000686645508
2012-01-23,105.76178741455078,18.670000076293945
2012-01-24,105.6412353515625,18.90999984741211
2012-01-25,106.52515411376953,18.309999465942383
2012-01-26,105.978759765625,18.56999969482422
2012-01-27,105.93051147460938,18.530000686645508
2012-01-30,105.56888580322266,19.399999618530273
2012-01-31,105.52871704101562,19.440000534057617
2012-02-01,106.452880859375,18.549999237060547
2012-02-02,106.6216049194336,17.979999542236328
2012-02-03,108.1163101196289,17.100000381469727
2012-02-06,108.04398345947266,17.760000228881836
2012-02-07,108.31721496582031,17.649999618530273
2012-02-08,108.6386947631836,18.15999984741211
2012-02-09,108.77527618408203,18.6299991607666
2012-02-10,107.97168731689453,20.790000915527344
2012-02-13,108.77527618408203,19.040000915527344
2012-02-14,108.6386947631836,19.540000915527344
2012-02-15,108.13236236572266,21.139999389648438
2012-02-16,109.32976531982422,19.219999313354492
2012-02-17,109.61905670166016,17.780000686645508
2012-02-21,109.66724395751953,18.190000534057617
2012-02-22,109.31365203857422,18.190000534057617
2012-02-23,109.79582214355469,16.799999237060547
2012-02-24,110.03694152832031,17.309999465942383
2012-02-27,110.22175598144531,18.190000534057617
2012-02-28,110.5431900024414,17.959999084472656
2012-02-29,110.10924530029297,18.43000030517578
2012-03-01,110.6797866821289,17.260000228881836
2012-03-02,110.34226989746094,17.290000915527344
2012-03-05,109.8922348022461,18.049999237060547
2012-03-06,108.28509521484375,20.8700008392334
2012-03-07,109.04045867919922,19.06999969482422
2012-03-08,110.12527465820312,17.950000762939453
2012-03-09,110.55123901367188,17.110000610351562
2012-03-12,110.55921936035156,15.640000343322754
2012-03-13,112.55220031738281,14.800000190734863
2012-03-14,112.43167114257812,15.3100004196167
2012-03-15,113.08255767822266,15.420000076293945
2012-03-16,113.23912048339844,14.470000267028809
2012-03-19,113.68304443359375,15.039999961853027
2012-03-20,113.3521728515625,15.579999923706055
2012-03-21,113.16649627685547,15.130000114440918
2012-03-22,112.35131072998047,15.569999694824219
2012-03-23,112.71453094482422,14.819999694824219
2012-03-26,114.29646301269531,14.260000228881836
2012-03-27,113.94132995605469,15.59000015258789
2012-03-28,113.3763198852539,15.470000267028809
2012-03-29,113.18265533447266,15.479999542236328
2012-03-30,113.65079498291016,15.5
2012-04-02,114.48212432861328,15.640000343322754
2012-04-03,114.01395416259766,15.65999984741211
2012-04-04,112.88404846191406,16.440000534057617
2012-04-05,112.82750701904297,16.700000762939453
2012-04-09,111.5603256225586,18.809999465942383
2012-04-10,109.68782043457031,20.389999389648438
2012-04-11,110.57565307617188,20.020000457763672
2012-04-12,112.02039337158203,17.200000762939453
2012-04-13,110.68864440917969,19.549999237060547
2012-04-16,110.61598205566406,19.549999237060547
2012-04-17,112.25448608398438,18.459999084472656
2012-04-18,111.87510681152344,18.639999389648438
2012-04-19,111.1567611694336,18.360000610351562
2012-04-20,111.3424301147461,17.440000534057617
2012-04-23,110.40614318847656,18.969999313354492
2012-04-24,110.82584381103516,18.100000381469727
2012-04-25,112.34321594238281,16.81999969482422
2012-04-26,113.12615203857422,16.239999771118164
2012-04-27,113.31179809570312,16.31999969482422
2012-04-30,112.89209747314453,17.149999618530273
2012-05-01,113.59426879882812,16.600000381469727
2012-05-02,113.25526428222656,16.8799991607666
2012-05-03,112.39167022705078,17.559999465942383
2012-05-04,110.57565307617188,19.15999984741211
2012-05-07,110.65636444091797,18.940000534057617
2012-05-08,110.21246337890625,19.049999237060547
2012-05-09,109.5586929321289,20.079999923706055
2012-05-10,109.78466796875,18.829999923706055
2012-05-11,109.4537353515625,19.889999389648438
2012-05-14,108.2430419921875,21.8700008392334
2012-05-15,107.62154388427734,21.969999313354492
2012-05-16,107.2099609375,22.270000457763672
2012-05-17,105.61991882324219,24.489999771118164
2012-05-18,104.7159423828125,25.100000381469727
2012-05-21,106.51583099365234,22.010000228881836
2012-05-22,106.70144653320312,22.479999542236328
2012-05-23,106.75797271728516,22.329999923706055
2012-05-24,106.96781921386719,21.540000915527344
2012-05-25,106.62073516845703,21.760000228881836
2012-05-29,107.91213989257812,21.030000686645508
2012-05-30,106.34635162353516,24.139999389648438
2012-05-31,106.11229705810547,24.059999465942383
2012-06-01,103.440673828125,26.65999984741211
2012-06-04,103.39225769042969,26.1200008392334
2012-06-05,104.1751937866211,24.68000030517578
2012-06-06,106.51583099365234,22.15999984741211
2012-06-07,106.58039855957031,21.719999313354492
2012-06-08,107.42789459228516,21.229999542236328
2012-06-11,106.0638656616211,23.559999465942383
2012-06-12,107.28260040283203,22.09000015258789
2012-06-13,106.59654998779297,24.270000457763672
2012-06-14,107.72652435302734,21.68000030517578
2012-06-15,108.8282699584961,21.110000610351562
2012-06-18,109.03919219970703,18.31999969482422
2012-06-19,110.09387969970703,18.3799991607666
2012-06-20,109.91539001464844,17.239999771118164
2012-06-21,107.44902038574219,20.079999923706055
2012-06-22,108.27658081054688,18.110000610351562
2012-06-25,106.54036712646484,20.3799991607666
2012-06-26,107.07586669921875,19.719999313354492
2012-06-27,108.04126739501953,19.450000762939453
2012-06-28,107.73297882080078,19.709999084472656
2012-06-29,110.41838073730469,17.079999923706055
2012-07-02,110.75102233886719,16.799999237060547
2012-07-03,111.48121643066406,16.65999984741211
2012-07-05,110.97822570800781,17.5
2012-07-06,109.92351531982422,17.100000381469727
2012-07-09,109.78561401367188,17.979999542236328
2012-07-10,108.8282699584961,18.719999313354492
2012-07-11,108.84449005126953,17.950000762939453
2012-07-12,108.317138671875,18.329999923706055
2012-07-13,110.13444519042969,16.739999771118164
2012-07-16,109.87483978271484,17.110000610351562
2012-07-17,110.62932586669922,16.479999542236328
2012-07-18,111.44874572753906,16.15999984741211
2012-07-19,111.74081420898438,15.449999809265137
2012-07-20,110.71858978271484,16.270000457763672
2012-07-23,109.5989990234375,18.6200008392334
2012-07-24,108.65789031982422,20.469999313354492
2012-07-25,108.68219757080078,19.34000015258789
2012-07-26,110.4752197265625,17.530000686645508
2012-07-27,112.51156616210938,16.700000762939453
2012-07-30,112.51156616210938,18.030000686645508
2012-07-31,111.72461700439453,18.93000030517578
2012-08-01,111.62725067138672,18.959999084472656
2012-08-02,110.85649108886719,17.56999969482422
2012-08-03,113.05514526367188,15.640000343322754
2012-08-06,113.27420806884766,15.949999809265137
2012-08-07,113.84210968017578,15.989999771118164
2012-08-08,113.98001861572266,15.319999694824219
2012-08-09,114.077392578125,15.279999732971191
2012-08-10,114.26397705078125,14.739999771118164
2012-08-13,114.2071762084961,13.699999809265137
2012-08-14,114.22340393066406,14.850000381469727
2012-08-15,114.35321044921875,14.630000114440918
2012-08-16,115.1969985961914,14.289999961853027
2012-08-17,115.35111999511719,13.449999809265137
2012-08-20,115.35926055908203,14.020000457763672
2012-08-21,115.01041412353516,15.020000457763672
2012-08-22,115.0590591430664,15.109999656677246
2012-08-23,114.11797332763672,15.960000038146973
2012-08-24,114.80754089355469,15.180000305175781
2012-08-27,114.8319320678711,16.350000381469727
2012-08-28,114.71833801269531,16.489999771118164
2012-08-29,114.80754089355469,17.059999465942383
2012-08-30,113.98001861572266,17.829999923706055
2012-08-31,114.52361297607422,17.469999313354492
2012-09-04,114.41815185546875,17.979999542236328
2012-09-05,114.32078552246094,17.739999771118164
2012-09-06,116.6411361694336,15.600000381469727
2012-09-07,117.09544372558594,14.380000114440918
2012-09-10,116.43019104003906,16.280000686645508
2012-09-11,116.75468444824219,16.40999984741211
2012-09-12,117.14412689208984,15.800000190734863
2012-09-13,118.92897033691406,14.050000190734863
2012-09-14,119.45630645751953,14.510000228881836
2012-09-17,119.05066680908203,14.59000015258789
2012-09-18,118.95332336425781,14.180000305175781
2012-09-19,119.01824188232422,13.880000114440918
2012-09-20,119.02632904052734,14.069999694824219
2012-09-21,118.9765853881836,13.979999542236328
2012-09-24,118.7970962524414,14.149999618530273
2012-09-25,117.53292846679688,15.430000305175781
2012-09-26,116.87224578857422,16.809999465942383
2012-09-27,117.97335815429688,14.84000015258789
2012-09-28,117.42684173583984,15.729999542236328
2012-10-01,117.73685455322266,16.31999969482422
2012-10-02,117.85914611816406,15.710000038146973
2012-10-03,118.34037780761719,15.430000305175781
2012-10-04,119.18866729736328,14.550000190734863
2012-10-05,119.19678497314453,14.329999923706055
2012-10-08,118.78897857666016,15.109999656677246
2012-10-09,117.6144790649414,16.3700008392334
2012-10-10,116.8641128540039,16.290000915527344
2012-10-11,116.92932891845703,15.59000015258789
2012-10-12,116.54602813720703,16.139999389648438
2012-10-15,117.51655578613281,15.270000457763672
2012-10-16,118.70744323730469,15.220000267028809
2012-10-17,119.24576568603516,15.069999694824219
2012-10-18,118.9358139038086,15.029999732971191
2012-10-19,116.95380401611328,17.059999465942383
2012-10-22,116.97010040283203,16.6200008392334
2012-10-23,115.34698486328125,18.829999923706055
2012-10-24,115.02076721191406,18.329999923706055
2012-10-25,115.35517120361328,18.1200008392334
2012-10-26,115.2899169921875,17.809999465942383
2012-10-31,115.2899169921875,18.600000381469727
2012-11-01,116.49706268310547,16.690000534057617
2012-11-02,115.46121978759766,17.59000015258789
2012-11-05,115.69778442382812,18.420000076293945
2012-11-06,116.60310363769531,17.579999923706055
2012-11-07,113.96045684814453,19.079999923706055
2012-11-08,112.59016418457031,18.489999771118164
2012-11-09,112.68805694580078,18.610000610351562
2012-11-12,112.77778625488281,16.68000030517578
2012-11-13,112.3862533569336,16.649999618530273
2012-11-14,110.86920166015625,17.920000076293945
2012-11-15,110.68161010742188,17.989999771118164
2012-11-16,111.22803497314453,16.40999984741211
2012-11-19,113.47923278808594,15.239999771118164
2012-11-20,113.52812194824219,15.079999923706055
2012-11-21,113.740234375,15.3100004196167
2012-11-23,115.2899169921875,15.140000343322754
2012-11-26,115.04520416259766,15.5
2012-11-27,114.45799255371094,15.920000076293945
2012-11-28,115.3796615600586,15.510000228881836
2012-11-29,115.9179916381836,15.0600004196167
2012-11-30,115.94246673583984,15.869999885559082
2012-12-03,115.37146759033203,16.639999389648438
2012-12-04,115.2083740234375,17.1200008392334
2012-12-05,115.41224670410156,16.459999084472656
2012-12-06,115.80374908447266,16.579999923706055
2012-12-07,116.15450286865234,15.899999618530273
2012-12-10,116.20345306396484,16.049999237060547
2012-12-11,116.99461364746094,15.569999694824219
2012-12-12,117.05171203613281,15.949999809265137
2012-12-13,116.3339614868164,16.559999465942383
2012-12-14,115.90162658691406,17.0
2012-12-17,117.2637710571289,16.34000015258789
2012-12-18,118.56877136230469,15.569999694824219
2012-12-19,117.68791198730469,17.360000610351562
2012-12-20,118.36489868164062,17.670000076293945
2012-12-21,117.29046630859375,17.84000015258789
2012-12-24,116.92903900146484,17.84000015258789
2012-12-26,116.43619537353516,19.479999542236328
2012-12-27,116.28014373779297,19.469999313354492
2012-12-28,115.0233383178711,22.719999313354492
2012-12-31,116.97830963134766,18.020000457763672
2013-01-02,119.97651672363281,14.680000305175781
2013-01-03,119.70545196533203,14.5600004196167
2013-01-04,120.23114013671875,13.829999923706055
2013-01-07,119.9025650024414,13.789999961853027
2013-01-08,119.55752563476562,13.619999885559082
2013-01-09,119.86148834228516,13.8100004196167
2013-01-10,120.81431579589844,13.489999771118164
2013-01-11,120.80609893798828,13.359999656677246
2013-01-14,120.72396087646484,13.520000457763672
2013-01-15,120.80609893798828,13.550000190734863
2013-01-16,120.78968811035156,13.420000076293945
2013-01-17,121.57000732421875,13.569999694824219
2013-01-18,121.84114837646484,12.460000038146973
2013-01-22,122.49828338623047,12.430000305175781
2013-01-23,122.69544219970703,12.460000038146973
2013-01-24,122.72823333740234,12.6899995803833
2013-01-25,123.41822814941406,12.890000343322754
2013-01-28,123.27042388916016,13.569999694824219
2013-01-29,123.7550048828125,13.3100004196167
2013-01-30,123.27042388916016,14.319999694824219
2013-01-31,122.96644592285156,14.279999732971191
2013-02-01,124.23148345947266,12.899999618530273
2013-02-04,122.83504486083984,14.670000076293945
2013-02-05,124.07539367675781,13.720000267028809
2013-02-06,124.1657485961914,13.40999984741211
2013-02-07,124.00146484375,13.5
2013-02-08,124.6914291381836,13.020000457763672
2013-02-11,124.66680908203125,12.9399995803833
2013-02-12,124.87214660644531,12.640000343322754
2013-02-13,124.97888946533203,12.979999542236328
2013-02-14,125.09395599365234,12.65999984741211
2013-02-15,124.94607543945312,12.460000038146973
2013-02-19,125.88253021240234,12.3100004196167
2013-02-20,124.31359100341797,14.680000305175781
2013-02-21,123.55787658691406,15.220000267028809
2013-02-22,124.76536560058594,14.170000076293945
2013-02-25,122.39151000976562,18.989999771118164
2013-02-26,123.22932434082031,16.8700008392334
2013-02-27,124.78173065185547,14.729999542236328
2013-02-28,124.53536987304688,15.510000228881836
2013-03-01,124.94607543945312,15.359999656677246
2013-03-04,125.6114730834961,14.010000228881836
2013-03-05,126.73674011230469,13.479999542236328
2013-03-06,126.9092788696289,13.529999732971191
2013-03-07,127.1392822265625,13.0600004196167
2013-03-08,127.681396484375,12.59000015258789
2013-03-11,128.16600036621094,11.5600004196167
2013-03-12,127.87858581542969,12.270000457763672
2013-03-13,128.05923461914062,11.829999923706055
2013-03-14,128.7410125732422,11.300000190734863
2013-03-15,128.571044921875,11.300000190734863
2013-03-18,127.86150360107422,13.359999656677246
2013-03-19,127.5644302368164,14.390000343322754
2013-03-20,128.4555206298828,12.670000076293945
2013-03-21,127.35822296142578,13.989999771118164
2013-03-22,128.38128662109375,13.569999694824219
2013-03-25,127.84496307373047,13.739999771118164
2013-03-26,128.86805725097656,12.770000457763672
2013-03-27,128.86805725097656,13.149999618530273
2013-03-28,129.2641143798828,12.699999809265137
2013-04-01,128.75262451171875,13.579999923706055
2013-04-02,129.38792419433594,12.779999732971191
2013-04-03,128.07595825195312,14.210000038146973
2013-04-04,128.59585571289062,13.890000343322754
2013-04-05,128.0182647705078,13.920000076293945
2013-04-08,128.88458251953125,13.1899995803833
2013-04-09,129.330078125,12.84000015258789
2013-04-10,130.91424560546875,12.359999656677246
2013-04-11,131.3433074951172,12.239999771118164
2013-04-12,131.02151489257812,12.0600004196167
2013-04-15,127.98521423339844,17.270000457763672
2013-04-16,129.87469482421875,13.960000038146973
2013-04-17,127.97701263427734,16.510000228881836
2013-04-18,127.17669677734375,17.559999465942383
2013-04-19,128.2822723388672,14.970000267028809
2013-04-22,128.85162353515625,14.390000343322754
2013-04-23,130.1799774169922,13.479999542236328
2013-04-24,130.26248168945312,13.609999656677246
2013-04-25,130.79049682617188,13.619999885559082
2013-04-26,130.5594940185547,13.609999656677246
2013-04-29,131.43409729003906,13.710000038146973
2013-04-30,131.74755859375,13.520000457763672
2013-05-01,130.5924530029297,14.489999771118164
2013-05-02,131.80535888671875,13.59000015258789
2013-05-03,133.1419677734375,12.850000381469727
2013-05-06,133.4802703857422,12.65999984741211
2013-05-07,134.1567840576172,12.829999923706055
2013-05-08,134.76731872558594,12.65999984741211
2013-05-09,134.38780212402344,13.130000114440918
2013-05-10,134.82510375976562,12.59000015258789
2013-05-13,134.93238830566406,12.550000190734863
2013-05-14,136.32676696777344,12.770000457763672
2013-05-15,137.06106567382812,12.8100004196167
2013-05-16,136.41751098632812,13.069999694824219
2013-05-17,137.73760986328125,12.449999809265137
2013-05-20,137.72933959960938,13.020000457763672
2013-05-21,137.92735290527344,13.369999885559082
2013-05-22,136.90431213378906,13.819999694824219
2013-05-23,136.5082550048828,14.069999694824219
2013-05-24,136.3927001953125,13.989999771118164
2013-05-28,137.20953369140625,14.479999542236328
2013-05-29,136.31851196289062,14.829999923706055
2013-05-30,136.8218231201172,14.529999732971191
2013-05-31,134.8580780029297,16.299999237060547
2013-06-03,135.60067749023438,16.280000686645508
2013-06-04,134.94883728027344,16.270000457763672
2013-06-05,133.0594940185547,17.5
2013-06-06,134.26405334472656,16.6299991607666
2013-06-07,135.97198486328125,15.140000343322754
2013-06-10,135.97198486328125,15.4399995803833
2013-06-11,134.5693817138672,17.06999969482422
2013-06-12,133.4554901123047,18.59000015258789
2013-06-13,135.48519897460938,16.40999984741211
2013-06-14,134.63534545898438,17.149999618530273
2013-06-17,135.67501831054688,16.799999237060547
2013-06-18,136.74755859375,16.610000610351562
2013-06-19,134.8580780029297,16.639999389648438
2013-06-20,131.51661682128906,20.489999771118164
2013-06-21,131.93875122070312,18.899999618530273
2013-06-24,130.2716064453125,20.110000610351562
2013-06-25,131.5240478515625,18.469999313354492
2013-06-26,132.82626342773438,17.209999084472656
2013-06-27,133.60592651367188,16.860000610351562
2013-06-28,133.05850219726562,16.860000610351562
2013-07-01,133.8381805419922,16.3700008392334
2013-07-02,133.71377563476562,16.440000534057617
2013-07-03,133.77178955078125,16.200000762939453
2013-07-05,135.21507263183594,14.890000343322754
2013-07-08,135.9863739013672,14.779999732971191
2013-07-09,136.96517944335938,14.350000381469727
2013-07-10,137.0149383544922,14.210000038146973
2013-07-11,138.88119506835938,14.010000228881836
2013-07-12,138.939208984375,13.84000015258789
2013-07-15,139.4700927734375,13.789999961853027
2013-07-16,138.94754028320312,14.420000076293945
2013-07-17,139.30418395996094,13.779999732971191
2013-07-18,140.0671844482422,13.770000457763672
2013-07-19,140.3160858154297,12.539999961853027
2013-07-22,140.58981323242188,12.289999961853027
2013-07-23,140.29122924804688,12.65999984741211
2013-07-24,139.77700805664062,13.180000305175781
2013-07-25,140.11703491210938,12.970000267028809
2013-07-26,140.266357421875,12.720000267028809
2013-07-29,139.8350067138672,13.390000343322754
2013-07-30,139.8350067138672,13.390000343322754
2013-07-31,139.93450927734375,13.449999809265137
2013-08-01,141.5519561767578,12.9399995803833
2013-08-02,141.79244995117188,11.979999542236328
2013-08-05,141.58509826660156,11.84000015258789
2013-08-06,140.78057861328125,12.720000267028809
2013-08-07,140.32435607910156,12.979999542236328
2013-08-08,140.83865356445312,12.729999542236328
2013-08-09,140.4322052001953,13.40999984741211
2013-08-12,140.266357421875,12.8100004196167
2013-08-13,140.68109130859375,12.3100004196167
2013-08-14,139.95941162109375,13.039999961853027
2013-08-15,138.00196838378906,14.729999542236328
2013-08-16,137.54574584960938,14.369999885559082
2013-08-19,136.66659545898438,15.100000381469727
2013-08-20,137.33840942382812,14.90999984741211
2013-08-21,136.4923858642578,15.9399995803833
2013-08-22,137.73654174804688,14.760000228881836
2013-08-23,138.20103454589844,13.979999542236328
2013-08-26,137.68678283691406,14.989999771118164
2013-08-27,135.4721221923828,16.770000457763672
2013-08-28,135.9532470703125,16.489999771118164
2013-08-29,136.16893005371094,16.809999465942383
2013-08-30,135.7375946044922,17.010000228881836
2013-09-03,136.3514404296875,16.610000610351562
2013-09-04,137.47938537597656,15.880000114440918
2013-09-05,137.65359497070312,15.770000457763672
2013-09-06,137.71995544433594,15.850000381469727
2013-09-09,139.03878784179688,15.630000114440918
2013-09-10,140.0671844482422,14.529999732971191
2013-09-11,140.50685119628906,13.819999694824219
2013-09-12,140.13360595703125,14.289999961853027
2013-09-13,140.44879150390625,14.15999984741211
2013-09-16,141.26170349121094,14.380000114440918
2013-09-17,141.8920135498047,14.529999732971191
2013-09-18,143.5343017578125,13.59000015258789
2013-09-19,143.29376220703125,13.15999984741211
2013-09-20,142.2919464111328,13.119999885559082
2013-09-23,141.63351440429688,14.3100004196167
2013-09-24,141.30007934570312,14.079999923706055
2013-09-25,140.8916778564453,14.010000228881836
2013-09-26,141.4334716796875,14.0600004196167
2013-09-27,140.78330993652344,15.460000038146973
2013-09-30,140.033203125,16.600000381469727
2013-10-01,141.14173889160156,15.539999961853027
2013-10-02,141.0083465576172,16.600000381469727
2013-10-03,139.70811462402344,17.670000076293945
2013-10-04,140.76661682128906,16.739999771118164
2013-10-07,139.54977416992188,19.40999984741211
2013-10-08,137.92445373535156,20.34000015258789
2013-10-09,138.0245361328125,19.600000381469727
2013-10-10,141.00003051757812,16.479999542236328
2013-10-11,141.90855407714844,15.720000267028809
2013-10-14,142.47528076171875,16.06999969482422
2013-10-15,141.44174194335938,18.65999984741211
2013-10-16,143.4171142578125,14.710000038146973
2013-10-17,144.37562561035156,13.479999542236328
2013-10-18,145.35079956054688,13.039999961853027
2013-10-21,145.3591766357422,13.15999984741211
2013-10-22,146.20094299316406,13.329999923706055
2013-10-23,145.5008544921875,13.420000076293945
2013-10-24,145.98426818847656,13.199999809265137
2013-10-25,146.6510467529297,13.09000015258789
2013-10-28,146.88436889648438,13.3100004196167
2013-10-29,147.66790771484375,13.40999984741211
2013-10-30,146.93435668945312,13.649999618530273
2013-10-31,146.51763916015625,13.75
2013-11-01,146.86773681640625,13.279999732971191
2013-11-04,147.3845672607422,12.930000305175781
2013-11-05,146.91773986816406,13.270000457763672
2013-11-06,147.66790771484375,12.670000076293945
2013-11-07,145.8008575439453,13.90999984741211
2013-11-08,147.76788330078125,12.899999618530273
2013-11-11,147.79290771484375,12.529999732971191
2013-11-12,147.4928741455078,12.819999694824219
2013-11-13,148.67636108398438,12.520000457763672
2013-11-14,149.41815185546875,12.369999885559082
2013-11-15,150.06834411621094,12.1899995803833
2013-11-18,149.54319763183594,13.100000381469727
2013-11-19,149.2181396484375,13.390000343322754
2013-11-20,148.7513885498047,13.399999618530273
2013-11-21,149.95164489746094,12.65999984741211
2013-11-22,150.7017364501953,12.260000228881836
2013-11-25,150.5517120361328,12.789999961853027
2013-11-26,150.59339904785156,12.8100004196167
2013-11-27,150.96009826660156,12.979999542236328
2013-11-29,150.860107421875,13.699999809265137
2013-12-02,150.46835327148438,14.229999542236328
2013-12-03,149.8182830810547,14.550000190734863
2013-12-04,149.80162048339844,14.699999809265137
2013-12-05,149.14315795898438,15.079999923706055
2013-12-06,150.8101043701172,13.789999961853027
2013-12-09,151.19349670410156,13.489999771118164
2013-12-10,150.6517333984375,13.90999984741211
2013-12-11,148.9598388671875,15.420000076293945
2013-12-12,148.4680633544922,15.539999961853027
2013-12-13,148.4513702392578,15.760000228881836
2013-12-16,149.37655639648438,16.030000686645508
2013-12-17,148.90142822265625,16.209999084472656
2013-12-18,151.44357299804688,13.800000190734863
2013-12-19,151.26852416992188,14.149999618530273
2013-12-20,152.1483917236328,13.789999961853027
2013-12-23,152.9612579345703,13.039999961853027
2013-12-24,153.2965087890625,12.479999542236328
2013-12-26,154.0758514404297,12.329999923706055
2013-12-27,154.0674591064453,12.460000038146973
2013-12-30,154.04229736328125,13.5600004196167
2013-12-31,154.7714080810547,13.720000267028809
2014-01-02,153.28811645507812,14.229999542236328
2014-01-03,153.26300048828125,13.760000228881836
2014-01-06,152.81884765625,13.550000190734863
2014-01-07,153.7573699951172,12.920000076293945
2014-01-08,153.7909393310547,12.869999885559082
2014-01-09,153.8914794921875,12.890000343322754
2014-01-10,154.3104705810547,12.140000343322754
2014-01-13,152.25738525390625,13.279999732971191
2014-01-14,153.91659545898438,12.279999732971191
2014-01-15,154.74624633789062,12.279999732971191
2014-01-16,154.54510498046875,12.529999732971191
2014-01-17,153.8914794921875,12.4399995803833
2014-01-21,154.343994140625,12.869999885559082
2014-01-22,154.44456481933594,12.84000015258789
2014-01-23,153.17918395996094,13.770000457763672
2014-01-24,149.91098022460938,18.139999389648438
2014-01-27,149.17355346679688,17.420000076293945
2014-01-28,150.06182861328125,15.800000190734863
2014-01-29,148.6204376220703,17.350000381469727
2014-01-30,150.1959228515625,17.290000915527344
2014-01-31,149.31593322753906,18.40999984741211
2014-02-03,145.95555114746094,21.440000534057617
2014-02-04,146.97796630859375,19.110000610351562
2014-02-05,146.79356384277344,19.950000762939453
2014-02-06,148.72935485839844,17.229999542236328
2014-02-07,150.57301330566406,15.289999961853027
2014-02-10,150.8494873046875,15.260000228881836
2014-02-11,152.50038146972656,14.510000228881836
2014-02-12,152.57583618164062,14.300000190734863
2014-02-13,153.3635711669922,14.140000343322754
2014-02-14,154.20994567871094,13.569999694824219
2014-02-18,154.39430236816406,13.869999885559082
2014-02-19,153.3719482421875,15.5
2014-02-20,154.27696228027344,14.789999961853027
2014-02-21,154.1010284423828,14.680000305175781
2014-02-24,154.9557647705078,14.229999542236328
2014-02-25,154.89707946777344,13.670000076293945
2014-02-26,154.9054412841797,14.350000381469727
2014-02-27,155.71836853027344,14.039999961853027
2014-02-28,156.1122283935547,14.0
2014-03-03,155.0143585205078,16.0
2014-03-04,157.1932373046875,14.100000381469727
2014-03-05,157.335693359375,13.890000343322754
2014-03-06,157.696044921875,14.210000038146973
2014-03-07,157.76303100585938,14.109999656677246
2014-03-10,157.6793212890625,14.199999809265137
2014-03-11,156.89987182617188,14.800000190734863
2014-03-12,156.9418182373047,14.470000267028809
2014-03-13,155.1820831298828,16.219999313354492
2014-03-14,154.74624633789062,17.81999969482422
2014-03-17,156.1456756591797,15.640000343322754
2014-03-18,157.26026916503906,14.520000457763672
2014-03-19,156.42225646972656,15.119999885559082
2014-03-20,157.335693359375,14.520000457763672
2014-03-21,156.72547912597656,15.0
2014-03-24,156.0773468017578,15.09000015258789
2014-03-25,156.81805419921875,14.020000457763672
2014-03-26,155.69012451171875,14.930000305175781
2014-03-27,155.36187744140625,14.619999885559082
2014-03-28,156.12783813476562,14.40999984741211
2014-03-31,157.40721130371094,13.880000114440918
2014-04-01,158.45095825195312,13.100000381469727
2014-04-02,158.98123168945312,13.09000015258789
2014-04-03,158.77081298828125,13.369999885559082
2014-04-04,156.893798828125,13.960000038146973
2014-04-07,155.1598663330078,15.569999694824219
2014-04-08,155.79962158203125,14.890000343322754
2014-04-09,157.47454833984375,13.819999694824219
2014-04-10,154.16668701171875,15.890000343322754
2014-04-11,152.77784729003906,17.030000686645508
2014-04-14,153.98153686523438,16.110000610351562
2014-04-15,155.0420379638672,15.609999656677246
2014-04-16,156.66653442382812,14.180000305175781
2014-04-17,156.88536071777344,13.359999656677246
2014-04-21,157.43251037597656,13.25
2014-04-22,158.14794921875,13.1899995803833
2014-04-23,157.77755737304688,13.270000457763672
2014-04-24,158.09744262695312,13.319999694824219
2014-04-25,156.80123901367188,14.0600004196167
2014-04-28,157.29783630371094,13.970000267028809
2014-04-29,158.03009033203125,13.710000038146973
2014-04-30,158.50140380859375,13.40999984741211
2014-05-01,158.5182647705078,13.25
2014-05-02,158.2910919189453,12.90999984741211
2014-05-05,158.5940704345703,13.289999961853027
2014-05-06,157.21360778808594,13.800000190734863
2014-05-07,158.13955688476562,13.399999618530273
2014-05-08,157.97116088867188,13.430000305175781
2014-05-09,158.20680236816406,12.920000076293945
2014-05-12,159.74716186523438,12.229999542236328
2014-05-13,159.89024353027344,12.130000114440918
2014-05-14,159.1326904296875,12.170000076293945
2014-05-15,157.73548889160156,13.170000076293945
2014-05-16,158.28257751464844,12.4399995803833
2014-05-19,158.86341857910156,12.420000076293945
2014-05-20,157.86170959472656,12.960000038146973
2014-05-21,159.19163513183594,11.90999984741211
2014-05-22,159.57879638671875,12.029999732971191
2014-05-23,160.21853637695312,11.359999656677246
2014-05-27,161.20333862304688,11.510000228881836
2014-05-28,161.08547973632812,11.680000305175781
2014-05-29,161.9187774658203,11.569999694824219
2014-05-30,162.1797637939453,11.399999618530273
2014-06-02,162.36483764648438,11.579999923706055
2014-06-03,162.28070068359375,11.869999885559082
2014-06-04,162.60902404785156,12.079999923706055
2014-06-05,163.6695098876953,11.680000305175781
2014-06-06,164.4523468017578,10.729999542236328
2014-06-09,164.6206512451172,11.149999618530273
2014-06-10,164.63751220703125,10.989999771118164
2014-06-11,164.06512451171875,11.600000381469727
2014-06-12,162.90354919433594,12.5600004196167
2014-06-13,163.40017700195312,12.180000305175781
2014-06-16,163.53482055664062,12.649999618530273
2014-06-17,163.98936462402344,12.0600004196167
2014-06-18,165.1929931640625,10.609999656677246
2014-06-19,165.378173828125,10.619999885559082
2014-06-20,165.7139434814453,10.850000381469727
2014-06-23,165.66323852539062,10.979999542236328
2014-06-24,164.6652069091797,12.130000114440918
2014-06-25,165.4095001220703,11.59000015258789
2014-06-26,165.29107666015625,11.630000114440918
2014-06-27,165.6124725341797,11.260000228881836
2014-06-30,165.52786254882812,11.569999694824219
2014-07-01,166.6357879638672,11.149999618530273
2014-07-02,166.80494689941406,10.819999694824219
2014-07-03,167.62533569335938,10.319999694824219
2014-07-07,167.04173278808594,11.329999923706055
2014-07-08,165.96766662597656,11.979999542236328
2014-07-09,166.71185302734375,11.649999618530273
2014-07-10,166.05223083496094,12.59000015258789
2014-07-11,166.2805938720703,12.079999923706055
2014-07-14,167.11782836914062,11.819999694824219
2014-07-15,166.80494689941406,11.960000038146973
2014-07-16,167.42233276367188,11.0
2014-07-17,165.51943969726562,14.539999961853027
2014-07-18,167.2108612060547,12.0600004196167
2014-07-21,166.89793395996094,12.8100004196167
2014-07-22,167.62533569335938,12.239999771118164
2014-07-23,167.9974365234375,11.520000457763672
2014-07-24,168.0059051513672,11.84000015258789
2014-07-25,167.2193603515625,12.6899995803833
2014-07-28,167.28700256347656,12.5600004196167
2014-07-29,166.5680694580078,13.279999732971191
2014-07-30,166.59352111816406,13.329999923706055
2014-07-31,163.30357360839844,16.950000762939453
2014-08-01,162.8046417236328,17.030000686645508
2014-08-04,163.98019409179688,15.119999885559082
2014-08-05,162.39019775390625,16.8700008392334
2014-08-06,162.44093322753906,16.3700008392334
2014-08-07,161.56134033203125,16.65999984741211
2014-08-08,163.43045043945312,15.770000457763672
2014-08-11,163.904052734375,14.229999542236328
2014-08-12,163.6757049560547,14.130000114440918
2014-08-13,164.7835693359375,12.899999618530273
2014-08-14,165.56167602539062,12.420000076293945
2014-08-15,165.52786254882812,13.149999618530273
2014-08-18,166.9148406982422,12.319999694824219
2014-08-19,167.78598022460938,12.210000038146973
2014-08-20,168.2342529296875,11.779999732971191
2014-08-21,168.72476196289062,11.760000228881836
2014-08-22,168.4626007080078,11.470000267028809
2014-08-25,169.3167724609375,11.699999809265137
2014-08-26,169.4267120361328,11.630000114440918
2014-08-27,169.35902404785156,11.779999732971191
2014-08-28,169.26600646972656,12.050000190734863
2014-08-29,169.7481231689453,12.09000015258789
2014-09-02,169.66346740722656,12.25
2014-09-03,169.57049560546875,12.359999656677246
2014-09-04,169.3251953125,12.640000343322754
2014-09-05,170.08639526367188,12.09000015258789
2014-09-08,169.64659118652344,12.65999984741211
2014-09-09,168.57252502441406,13.5
2014-09-10,169.20684814453125,12.880000114440918
2014-09-11,169.4013671875,12.800000190734863
2014-09-12,168.41188049316406,13.3100004196167
2014-09-15,168.28497314453125,14.119999885559082
2014-09-16,169.55357360839844,12.729999542236328
2014-09-17,169.78195190429688,12.649999618530273
2014-09-18,170.68690490722656,12.029999732971191
2014-09-19,170.53305053710938,12.109999656677246
2014-09-22,169.21600341796875,13.6899995803833
2014-09-23,168.24740600585938,14.930000305175781
2014-09-24,169.5644073486328,13.270000457763672
2014-09-25,166.82843017578125,15.640000343322754
2014-09-26,168.1539764404297,14.850000381469727
2014-09-29,167.84805297851562,15.979999542236328
2014-09-30,167.40625,16.309999465942383
2014-10-01,165.1375274658203,16.709999084472656
2014-10-02,165.1630401611328,16.15999984741211
2014-10-03,166.98135375976562,14.550000190734863
2014-10-06,166.78594970703125,15.460000038146973
2014-10-07,164.21141052246094,17.200000762939453
2014-10-08,167.0833282470703,15.109999656677246
2014-10-09,163.76954650878906,18.760000228881836
2014-10-10,161.9002227783203,21.239999771118164
2014-10-13,159.2406768798828,24.639999389648438
2014-10-14,159.487060546875,22.790000915527344
2014-10-15,158.40798950195312,25.270000457763672
2014-10-16,158.27206420898438,25.200000762939453
2014-10-17,160.14134216308594,21.989999771118164
2014-10-20,161.6963348388672,18.56999969482422
2014-10-21,164.8996124267578,16.079999923706055
2014-10-22,163.72708129882812,17.8700008392334
2014-10-23,165.63040161132812,16.530000686645508
2014-10-24,166.90487670898438,16.110000610351562
2014-10-27,166.6754608154297,16.040000915527344
2014-10-28,168.58731079101562,14.390000343322754
2014-10-29,168.33238220214844,15.149999618530273
2014-10-30,169.41151428222656,14.520000457763672
2014-10-31,171.3488311767578,14.029999732971191
2014-11-03,171.44224548339844,14.729999542236328
2014-11-04,170.84747314453125,14.890000343322754
2014-11-05,171.92657470703125,14.170000076293945
2014-11-06,172.61483764648438,13.670000076293945
2014-11-07,172.77626037597656,13.119999885559082
2014-11-10,173.3201141357422,12.670000076293945
2014-11-11,173.48997497558594,12.920000076293945
2014-11-12,173.30313110351562,13.020000457763672
2014-11-13,173.49850463867188,13.789999961853027
2014-11-14,173.54095458984375,13.3100004196167
2014-11-17,173.6514434814453,13.989999771118164
2014-11-18,174.65411376953125,13.859999656677246
2014-11-19,174.37368774414062,13.960000038146973
2014-11-20,174.67962646484375,13.579999923706055
2014-11-21,175.61424255371094,12.899999618530273
2014-11-24,176.1070556640625,12.619999885559082
2014-11-25,175.97958374023438,12.25
2014-11-26,176.42994689941406,12.069999694824219
2014-11-28,176.0560760498047,13.329999923706055
2014-12-01,174.83245849609375,14.15999984741211
2014-12-02,175.96258544921875,12.850000381469727
2014-12-03,176.64239501953125,12.5
2014-12-04,176.44696044921875,12.380000114440918
2014-12-05,176.73580932617188,11.890000343322754
2014-12-08,175.55477905273438,14.210000038146973
2014-12-09,175.435791015625,15.350000381469727
2014-12-10,172.62335205078125,18.530000686645508
2014-12-11,173.49850463867188,20.079999923706055
2014-12-12,170.69451904296875,21.079999923706055
2014-12-15,169.52194213867188,20.420000076293945
2014-12-16,168.16244506835938,23.56999969482422
2014-12-17,171.45925903320312,19.440000534057617
2014-12-18,175.69920349121094,16.809999465942383
2014-12-19,176.44676208496094,16.489999771118164
2014-12-22,177.25843811035156,15.25
2014-12-23,177.49765014648438,14.800000190734863
2014-12-24,177.5147705078125,14.369999885559082
2014-12-26,178.08721923828125,14.5
2014-12-29,178.32643127441406,15.0600004196167
2014-12-30,177.36956787109375,15.920000076293945
2014-12-31,175.60951232910156,19.200000762939453
2015-01-02,175.51551818847656,17.790000915527344
2015-01-05,172.34576416015625,19.920000076293945
2015-01-06,170.72247314453125,21.1200008392334
2015-01-07,172.8498077392578,19.309999465942383
2015-01-08,175.91705322265625,17.010000228881836
2015-01-09,174.5073699951172,17.549999237060547
2015-01-12,173.14035034179688,19.600000381469727
2015-01-13,172.6533660888672,20.559999465942383
2015-01-14,171.6109619140625,21.479999542236328
2015-01-15,170.0389404296875,22.389999389648438
2015-01-16,172.26890563964844,20.950000762939453
2015-01-20,172.63626098632812,19.889999389648438
2015-01-21,173.50772094726562,18.850000381469727
2015-01-22,176.0879669189453,16.399999618530273
2015-01-23,175.1225128173828,16.65999984741211
2015-01-26,175.5325927734375,15.520000457763672
2015-01-27,173.21725463867188,17.219999313354492
2015-01-28,170.99583435058594,20.440000534057617
2015-01-29,172.57643127441406,18.760000228881836
2015-01-30,170.4063262939453,20.969999313354492
2015-02-02,172.5166473388672,19.43000030517578
2015-02-03,175.01145935058594,17.329999923706055
2015-02-04,174.3450469970703,18.329999923706055
2015-02-05,176.10504150390625,16.850000381469727
2015-02-06,175.61807250976562,17.290000915527344
2015-02-09,174.83203125,18.549999237060547
2015-02-10,176.69454956054688,17.229999542236328
2015-02-11,176.79710388183594,16.959999084472656
2015-02-12,178.49728393554688,15.34000015258789
2015-02-13,179.23207092285156,14.6899995803833
2015-02-17,179.51400756835938,15.800000190734863
2015-02-18,179.5311279296875,15.449999809265137
2015-02-19,179.40293884277344,15.289999961853027
2015-02-20,180.47946166992188,14.300000190734863
2015-02-23,180.453857421875,14.5600004196167
2015-02-24,180.96644592285156,13.6899995803833
2015-02-25,180.8126983642578,13.84000015258789
2015-02-26,180.5990753173828,13.90999984741211
2015-02-27,179.98390197753906,13.34000015258789
2015-03-02,181.1202850341797,13.039999961853027
2015-03-03,180.37693786621094,13.859999656677246
2015-03-04,179.6165313720703,14.229999542236328
2015-03-05,179.81304931640625,14.039999961853027
2015-03-06,177.28411865234375,15.199999809265137
2015-03-09,178.01889038085938,15.0600004196167
2015-03-10,175.13101196289062,16.690000534057617
2015-03-11,174.7209014892578,16.8700008392334
2015-03-12,176.94235229492188,15.420000076293945
2015-03-13,175.85728454589844,16.0
2015-03-16,178.2068328857422,15.609999656677246
2015-03-17,177.6771240234375,15.65999984741211
2015-03-18,179.81304931640625,13.970000267028809
2015-03-19,178.99282836914062,14.069999694824219
2015-03-20,180.57281494140625,13.020000457763672
2015-03-23,180.22093200683594,13.40999984741211
2015-03-24,179.2082977294922,13.619999885559082
2015-03-25,176.5821533203125,15.4399995803833
2015-03-26,176.1616668701172,15.800000190734863
2015-03-27,176.5650177001953,15.069999694824219
2015-03-30,178.7191162109375,14.510000228881836
2015-03-31,177.1571807861328,15.289999961853027
2015-04-01,176.53065490722656,15.109999656677246
2015-04-02,177.16575622558594,14.670000076293945
2015-04-06,178.35867309570312,14.739999771118164
2015-04-07,177.8866424560547,14.779999732971191
2015-04-08,178.4873809814453,13.979999542236328
2015-04-09,179.27685546875,13.09000015258789
2015-04-10,180.25527954101562,12.579999923706055
2015-04-13,179.43997192382812,13.9399995803833
2015-04-14,179.78321838378906,13.670000076293945
2015-04-15,180.58995056152344,12.84000015258789
2015-04-16,180.5384521484375,12.600000381469727
2015-04-17,178.4615936279297,13.890000343322754
2015-04-20,180.09217834472656,13.300000190734863
2015-04-21,179.8776397705078,13.25
2015-04-22,180.76165771484375,12.710000038146973
2015-04-23,181.2164764404297,12.479999542236328
2015-04-24,181.636962890625,12.289999961853027
2015-04-27,180.8817596435547,13.119999885559082
2015-04-28,181.45669555664062,12.40999984741211
2015-04-29,180.7100830078125,13.390000343322754
2015-04-30,178.89930725097656,14.550000190734863
2015-05-01,180.83880615234375,12.699999809265137
2015-05-04,181.3538055419922,12.850000381469727
2015-05-05,179.27685546875,14.3100004196167
2015-05-06,178.5388641357422,15.149999618530273
2015-05-07,179.2511749267578,15.130000114440918
2015-05-08,181.61117553710938,12.859999656677246
2015-05-11,180.74444580078125,13.850000381469727
2015-05-12,180.2037353515625,13.859999656677246
2015-05-13,180.2380828857422,13.760000228881836
2015-05-14,182.11752319335938,12.739999771118164
2015-05-15,182.3149871826172,12.380000114440918
2015-05-18,182.88136291503906,12.729999542236328
2015-05-19,182.82127380371094,12.850000381469727
2015-05-20,182.6925506591797,12.880000114440918
2015-05-21,183.22463989257812,12.109999656677246
2015-05-22,182.7869415283203,12.130000114440918
2015-05-26,180.8216552734375,14.0600004196167
2015-05-27,182.53805541992188,13.270000457763672
2015-05-28,182.3320770263672,13.3100004196167
2015-05-29,181.1992645263672,13.84000015258789
2015-06-01,181.5682830810547,13.970000267028809
2015-06-02,181.3880615234375,14.239999771118164
2015-06-03,181.86866760253906,13.65999984741211
2015-06-04,180.33250427246094,14.710000038146973
2015-06-05,180.02357482910156,14.210000038146973
2015-06-08,178.91648864746094,15.289999961853027
2015-06-09,178.89073181152344,14.470000267028809
2015-06-10,181.0362548828125,13.220000267028809
2015-06-11,181.61981201171875,12.850000381469727
2015-06-12,180.2295379638672,13.779999732971191
2015-06-15,179.4571075439453,15.390000343322754
2015-06-16,180.4355010986328,14.8100004196167
2015-06-17,180.72726440429688,14.5
2015-06-18,182.60670471191406,13.1899995803833
2015-06-19,181.79608154296875,13.960000038146973
2015-06-22,182.72740173339844,12.739999771118164
2015-06-23,182.85682678222656,12.109999656677246
2015-06-24,181.5287322998047,13.260000228881836
2015-06-25,180.97683715820312,14.010000228881836
2015-06-26,180.94236755371094,14.020000457763672
2015-06-29,177.1479034423828,18.850000381469727
2015-06-30,177.51876831054688,18.229999542236328
2015-07-01,178.941650390625,16.09000015258789
2015-07-02,178.7777557373047,16.790000915527344
2015-07-06,178.26898193359375,17.010000228881836
2015-07-07,179.39010620117188,16.09000015258789
2015-07-08,176.3804168701172,19.65999984741211
2015-07-09,176.69947814941406,19.969999313354492
2015-07-10,178.9243927001953,16.829999923706055
2015-07-13,180.8992462158203,13.899999618530273
2015-07-14,181.68397521972656,13.369999885559082
2015-07-15,181.6236572265625,13.229999542236328
2015-07-16,183.0810546875,12.109999656677246
2015-07-17,183.2362060546875,11.949999809265137
2015-07-20,183.33108520507812,12.25
2015-07-21,182.60671997070312,12.220000267028809
2015-07-22,182.27899169921875,12.119999885559082
2015-07-23,181.2528076171875,12.640000343322754
2015-07-24,179.37281799316406,13.739999771118164
2015-07-27,178.32936096191406,15.600000381469727
2015-07-28,180.51980590820312,13.4399995803833
2015-07-29,181.76162719726562,12.5
2015-07-30,181.80470275878906,12.130000114440918
2015-07-31,181.5287322998047,12.119999885559082
2015-08-03,180.91648864746094,12.5600004196167
2015-08-04,180.5629119873047,13.0
2015-08-05,181.15792846679688,12.510000228881836
2015-08-06,179.67465209960938,13.770000457763672
2015-08-07,179.32969665527344,13.390000343322754
2015-08-10,181.589111328125,12.229999542236328
2015-08-11,179.95062255859375,13.710000038146973
2015-08-12,180.1662139892578,13.609999656677246
2015-08-13,179.9420166015625,13.489999771118164
2015-08-14,180.59739685058594,12.829999923706055
2015-08-17,181.6063690185547,13.020000457763672
2015-08-18,181.08030700683594,13.789999961853027
2015-08-19,179.64877319335938,15.25
2015-08-20,175.8975067138672,19.139999389648438
2015-08-21,170.60250854492188,28.030000686645508
2015-08-24,163.41897583007812,40.7400016784668
2015-08-25,161.4958953857422,36.02000045776367
2015-08-26,167.69639587402344,30.31999969482422
2015-08-27,171.84437561035156,26.100000381469727
2015-08-28,171.8529510498047,26.049999237060547
2015-08-31,170.4645538330078,28.43000030517578
2015-09-01,165.3766326904297,31.399999618530273
2015-09-02,168.515625,26.09000015258789
2015-09-03,168.63636779785156,25.610000610351562
2015-09-04,166.0836944580078,27.799999237060547
2015-09-08,170.25759887695312,24.899999618530273
2015-09-09,167.98094177246094,26.229999542236328
2015-09-10,168.8950653076172,24.3700008392334
2015-09-11,169.66258239746094,23.200000762939453
2015-09-14,169.03302001953125,24.25
2015-09-15,171.1458282470703,22.540000915527344
2015-09-16,172.6291046142578,21.350000381469727
2015-09-17,172.24102783203125,21.139999389648438
2015-09-18,169.4263458251953,22.280000686645508
2015-09-21,170.3018798828125,20.139999389648438
2015-09-22,168.09141540527344,22.440000534057617
2015-09-23,167.8226776123047,22.1299991607666
2015-09-24,167.2158660888672,23.469999313354492
2015-09-25,167.17251586914062,23.6200008392334
2015-09-28,162.9769744873047,27.6299991607666
2015-09-29,163.07232666015625,26.829999923706055
2015-09-30,166.114990234375,24.5
2015-10-01,166.54840087890625,22.549999237060547
2015-10-02,169.03627014160156,20.940000534057617
2015-10-05,172.04421997070312,19.540000915527344
2015-10-06,171.45477294921875,19.399999618530273
2015-10-07,172.859130859375,18.399999618530273
2015-10-08,174.41943359375,17.420000076293945
2015-10-09,174.52342224121094,17.079999923706055
2015-10-12,174.6881866455078,16.170000076293945
2015-10-13,173.58729553222656,17.670000076293945
2015-10-14,172.75506591796875,18.030000686645508
2015-10-15,175.40762329101562,16.049999237060547
2015-10-16,176.20513916015625,15.050000190734863
2015-10-19,176.2918701171875,14.979999542236328
2015-10-20,176.06639099121094,15.75
2015-10-21,174.97425842285156,16.700000762939453
2015-10-22,177.93017578125,14.449999809265137
2015-10-23,179.88064575195312,14.460000038146973
2015-10-26,179.4385223388672,15.289999961853027
2015-10-27,179.0917510986328,15.430000305175781
2015-10-28,181.12887573242188,14.329999923706055
2015-10-29,181.0248260498047,14.609999656677246
2015-10-30,180.24468994140625,15.069999694824219
2015-11-02,182.37713623046875,14.149999618530273
2015-11-03,182.90591430664062,14.539999961853027
2015-11-04,182.35116577148438,15.510000228881836
2015-11-05,182.16909790039062,15.050000190734863
2015-11-06,182.07374572753906,14.329999923706055
2015-11-09,180.37469482421875,16.520000457763672
2015-11-10,180.7908172607422,15.289999961853027
2015-11-11,180.07998657226562,16.059999465942383
2015-11-12,177.56613159179688,18.3700008392334
2015-11-13,175.5723419189453,20.079999923706055
2015-11-16,178.2422637939453,18.15999984741211
2015-11-17,178.1122283935547,18.84000015258789
2015-11-18,180.93812561035156,16.850000381469727
2015-11-19,180.7821502685547,16.989999771118164
2015-11-20,181.44094848632812,15.470000267028809
2015-11-23,181.23291015625,15.619999885559082
2015-11-24,181.4755859375,15.930000305175781
2015-11-25,181.44961547851562,15.1899995803833
2015-11-27,181.65768432617188,15.119999885559082
2015-11-30,180.9035186767578,16.1299991607666
2015-12-01,182.62852478027344,14.670000076293945
2015-12-02,180.76483154296875,15.90999984741211
2015-12-03,178.2335968017578,18.110000610351562
2015-12-04,181.7096710205078,14.8100004196167
2015-12-07,180.60873413085938,15.84000015258789
2015-12-08,179.39517211914062,17.600000381469727
2015-12-09,177.99954223632812,19.610000610351562
2015-12-10,178.458984375,19.34000015258789
2015-12-11,175.00018310546875,24.389999389648438
2015-12-14,175.88438415527344,22.729999542236328
2015-12-15,177.73072814941406,20.950000762939453
2015-12-16,180.3313446044922,17.860000610351562
2015-12-17,177.58348083496094,18.940000534057617
2015-12-18,174.41978454589844,20.700000762939453
2015-12-21,175.8585968017578,18.700000762939453
2015-12-22,177.45433044433594,16.600000381469727
2015-12-23,179.65184020996094,15.569999694824219
2015-12-24,179.3553466796875,15.739999771118164
2015-12-28,178.94554138183594,16.90999984741211
2015-12-29,180.85523986816406,16.079999923706055
2015-12-30,179.5733642578125,17.290000915527344
2015-12-31,177.77700805664062,18.209999084472656
2016-01-04,175.29183959960938,20.700000762939453
2016-01-05,175.58824157714844,19.34000015258789
2016-01-06,173.3733673095703,20.59000015258789
2016-01-07,169.21388244628906,24.989999771118164
2016-01-08,167.35647583007812,27.010000228881836
2016-01-11,167.52218627929688,24.299999237060547
2016-01-12,168.87376403808594,22.469999313354492
2016-01-13,164.66200256347656,25.219999313354492
2016-01-14,167.3651885986328,23.950000762939453
2016-01-15,163.77252197265625,27.020000457763672
2016-01-19,163.99053955078125,26.049999237060547
2016-01-20,161.8889923095703,27.59000015258789
2016-01-21,162.7958984375,26.690000534057617
2016-01-22,166.1356658935547,22.34000015258789
2016-01-25,163.62428283691406,24.149999618530273
2016-01-26,165.8566436767578,22.5
2016-01-27,164.05152893066406,23.110000610351562
2016-01-28,164.90614318847656,22.420000076293945
2016-01-29,168.9260711669922,20.200000762939453
2016-02-01,168.8650360107422,19.979999542236328
2016-02-02,165.82171630859375,21.979999542236328
2016-02-03,166.8157958984375,21.649999618530273
2016-02-04,167.07740783691406,21.84000015258789
2016-02-05,163.89454650878906,23.3799991607666
2016-02-08,161.6884307861328,26.0
2016-02-09,161.69712829589844,26.540000915527344
2016-02-10,161.55760192871094,26.290000915527344
2016-02-11,159.4560546875,28.139999389648438
2016-02-12,162.74356079101562,25.399999618530273
2016-02-16,165.49038696289062,24.110000610351562
2016-02-17,168.1936492919922,22.309999465942383
2016-02-18,167.50473022460938,21.639999389648438
2016-02-19,167.42626953125,20.530000686645508
2016-02-22,169.85043334960938,19.3799991607666
2016-02-23,167.70533752441406,20.979999542236328
2016-02-24,168.47268676757812,20.719999313354492
2016-02-25,170.5131378173828,19.110000610351562
2016-02-26,170.12075805664062,19.809999465942383
2016-02-29,168.7865753173828,20.549999237060547
2016-03-01,172.75425720214844,17.700000762939453
2016-03-02,173.5303192138672,17.09000015258789
2016-03-03,174.2105255126953,16.700000762939453
2016-03-04,174.77728271484375,16.860000610351562
2016-03-07,174.9168243408203,17.350000381469727
2016-03-08,173.00711059570312,18.670000076293945
2016-03-09,173.86170959472656,18.34000015258789
2016-03-10,174.00125122070312,18.049999237060547
2016-03-11,176.80911254882812,16.5
2016-03-14,176.5823516845703,16.920000076293945
2016-03-15,176.29461669921875,16.84000015258789
2016-03-16,177.3148956298828,14.989999771118164
2016-03-17,178.43980407714844,14.4399995803833
2016-03-18,179.1409454345703,14.020000457763672
2016-03-21,179.3951873779297,13.789999961853027
2016-03-22,179.29873657226562,14.170000076293945
2016-03-23,178.11546325683594,14.9399995803833
2016-03-24,178.0365447998047,14.739999771118164
2016-03-28,178.14175415039062,15.239999771118164
2016-03-29,179.78955078125,13.819999694824219
2016-03-30,180.57839965820312,13.5600004196167
2016-03-31,180.14016723632812,13.949999809265137
2016-04-01,181.36727905273438,13.100000381469727
2016-04-04,180.780029296875,14.119999885559082
2016-04-05,178.9744110107422,15.420000076293945
2016-04-06,180.9290771484375,14.09000015258789
2016-04-07,178.76405334472656,16.15999984741211
2016-04-08,179.24612426757812,15.359999656677246
2016-04-11,178.82540893554688,16.260000228881836
2016-04-12,180.4907684326172,14.850000381469727
2016-04-13,182.3138885498047,13.84000015258789
2016-04-14,182.3227081298828,13.720000267028809
2016-04-15,182.12109375,13.619999885559082
2016-04-18,183.4008331298828,13.350000381469727
2016-04-19,183.9793243408203,13.239999771118164
2016-04-20,184.15460205078125,13.279999732971191
2016-04-21,183.1641082763672,13.949999809265137
2016-04-22,183.1641082763672,13.220000267028809
2016-04-25,182.84857177734375,14.079999923706055
2016-04-26,183.1202850341797,13.960000038146973
2016-04-27,183.4971923828125,13.770000457763672
2016-04-28,181.8318328857422,15.220000267028809
2016-04-29,180.8501739501953,15.699999809265137
2016-05-02,182.28761291503906,14.680000305175781
2016-05-03,180.70118713378906,15.600000381469727
2016-05-04,179.6931610107422,16.049999237060547
2016-05-05,179.65811157226562,15.90999984741211
2016-05-06,180.31549072265625,14.720000267028809
2016-05-09,180.46450805664062,14.569999694824219
2016-05-10,182.70834350585938,13.630000114440918
2016-05-11,180.9991455078125,14.6899995803833
2016-05-12,181.05169677734375,14.40999984741211
2016-05-13,179.47402954101562,15.039999961853027
2016-05-16,181.2445831298828,14.680000305175781
2016-05-17,179.55291748046875,15.569999694824219
2016-05-18,179.60556030273438,15.949999809265137
2016-05-19,178.98318481445312,16.329999923706055
2016-05-20,180.11390686035156,15.199999809265137
2016-05-23,179.8684539794922,15.819999694824219
2016-05-24,182.19996643066406,14.420000076293945
2016-05-25,183.43588256835938,13.899999618530273
2016-05-26,183.48846435546875,13.430000305175781
2016-05-27,184.27735900878906,13.119999885559082
2016-05-31,183.92666625976562,14.1899995803833
2016-06-01,184.30361938476562,14.199999809265137
2016-06-02,184.8645477294922,13.630000114440918
2016-06-03,184.31234741210938,13.470000267028809
2016-06-06,185.25022888183594,13.649999618530273
2016-06-07,185.53948974609375,14.050000190734863
2016-06-08,186.14425659179688,14.079999923706055
2016-06-09,185.89004516601562,14.640000343322754
2016-06-10,184.12826538085938,17.030000686645508
2016-06-13,182.70834350585938,20.969999313354492
2016-06-14,182.34896850585938,20.5
2016-06-15,182.09475708007812,20.139999389648438
2016-06-16,182.63821411132812,19.3700008392334
2016-06-17,181.95806884765625,19.40999984741211
2016-06-20,183.12986755371094,18.3700008392334
2016-06-21,183.6497039794922,18.479999542236328
2016-06-22,183.35015869140625,21.170000076293945
2016-06-23,185.7378387451172,17.25
2016-06-24,179.0681610107422,25.760000228881836
2016-06-27,175.86109924316406,23.850000381469727
2016-06-28,179.03292846679688,18.75
2016-06-29,182.08139038085938,16.639999389648438
2016-06-30,184.5659942626953,15.630000114440918
2016-07-01,184.9536895751953,14.770000457763672
2016-07-05,183.623291015625,15.579999923706055
2016-07-06,184.72462463378906,14.960000038146973
2016-07-07,184.61004638671875,14.760000228881836
2016-07-08,187.3589630126953,13.199999809265137
2016-07-11,188.019775390625,13.539999961853027
2016-07-12,189.3854522705078,13.550000190734863
2016-07-13,189.35902404785156,13.039999961853027
2016-07-14,190.41632080078125,12.819999694824219
2016-07-15,190.16079711914062,12.670000076293945
2016-07-18,190.67181396484375,12.4399995803833
2016-07-19,190.47796630859375,11.970000267028809
2016-07-20,191.27096557617188,11.770000457763672
2016-07-21,190.54843139648438,12.739999771118164
2016-07-22,191.40310668945312,12.020000457763672
2016-07-25,190.8832550048828,12.869999885559082
2016-07-26,190.9713897705078,13.050000190734863
2016-07-27,190.7687530517578,12.829999923706055
2016-07-28,190.98902893066406,12.720000267028809
2016-07-29,191.29739379882812,11.869999885559082
2016-08-01,191.1387939453125,12.4399995803833
2016-08-02,189.91404724121094,13.369999885559082
2016-08-03,190.4691619873047,12.859999656677246
2016-08-04,190.67181396484375,12.420000076293945
2016-08-05,192.2313232421875,11.390000343322754
2016-08-08,192.1167755126953,11.5
2016-08-09,192.2313232421875,11.65999984741211
2016-08-10,191.75552368164062,12.050000190734863
2016-08-11,192.6453857421875,11.680000305175781
2016-08-12,192.47804260253906,11.550000190734863
2016-08-15,193.03305053710938,11.8100004196167
2016-08-16,192.03744506835938,12.640000343322754
2016-08-17,192.39871215820312,12.1899995803833
2016-08-18,192.83041381835938,11.430000305175781
2016-08-19,192.54843139648438,11.34000015258789
2016-08-22,192.53961181640625,12.270000457763672
2016-08-23,192.92730712890625,12.380000114440918
2016-08-24,191.94056701660156,13.449999809265137
2016-08-25,191.8083953857422,13.630000114440918
2016-08-26,191.44711303710938,13.649999618530273
2016-08-29,192.389892578125,12.9399995803833
2016-08-30,192.07269287109375,13.119999885559082
2016-08-31,191.52647399902344,13.420000076293945
2016-09-01,191.53526306152344,13.479999542236328
2016-09-02,192.39871215820312,11.979999542236328
2016-09-06,192.9802703857422,12.020000457763672
2016-09-07,192.96258544921875,11.9399995803833
2016-09-08,192.5220489501953,12.510000228881836
2016-09-09,187.9140625,17.5
2016-09-12,190.61012268066406,15.15999984741211
2016-09-13,187.87002563476562,17.850000381469727
2016-09-14,187.79953002929688,18.139999389648438
2016-09-15,189.67620849609375,16.299999237060547
2016-09-16,188.94302368164062,15.369999885559082
2016-09-19,188.97840881347656,15.529999732971191
2016-09-20,188.9872589111328,15.920000076293945
2016-09-21,191.11256408691406,13.300000190734863
2016-09-22,192.31678771972656,12.020000457763672
2016-09-23,191.26303100585938,12.289999961853027
2016-09-26,189.71339416503906,14.5
2016-09-27,190.89109802246094,13.100000381469727
2016-09-28,191.838623046875,12.390000343322754
2016-09-29,190.10301208496094,14.020000457763672
2016-09-30,191.53753662109375,13.289999961853027
2016-10-03,191.07708740234375,13.569999694824219
2016-10-04,190.10301208496094,13.630000114440918
2016-10-05,190.9442596435547,12.989999771118164
2016-10-06,191.07708740234375,12.84000015258789
2016-10-07,190.42176818847656,13.479999542236328
2016-10-10,191.4136505126953,13.380000114440918
2016-10-11,188.99610900878906,15.359999656677246
2016-10-12,189.2440948486328,15.90999984741211
2016-10-13,188.62417602539062,16.690000534057617
2016-10-14,188.7216033935547,16.1200008392334
2016-10-17,188.06629943847656,16.209999084472656
2016-10-18,189.2440948486328,15.279999732971191
2016-10-19,189.74884033203125,14.40999984741211
2016-10-20,189.39456176757812,13.75
2016-10-21,189.48309326171875,13.34000015258789
2016-10-24,190.28897094726562,13.020000457763672
2016-10-25,189.65138244628906,13.460000038146973
2016-10-26,189.27064514160156,14.239999771118164
2016-10-27,188.76585388183594,15.359999656677246
2016-10-28,188.2080078125,16.190000534057617
2016-10-31,188.21688842773438,17.059999465942383
2016-11-01,186.85317993164062,18.559999465942383
2016-11-02,185.7285614013672,19.31999969482422
2016-11-03,184.8784637451172,22.079999923706055
2016-11-04,184.67478942871094,22.510000228881836
2016-11-07,188.74815368652344,18.709999084472656
2016-11-08,189.59825134277344,18.739999771118164
2016-11-09,191.6084442138672,14.380000114440918
2016-11-10,192.0865936279297,14.739999771118164
2016-11-11,191.643798828125,14.170000076293945
2016-11-14,191.7943572998047,14.479999542236328
2016-11-15,193.2908935546875,13.369999885559082
2016-11-16,192.9278564453125,13.720000267028809
2016-11-17,193.9196319580078,13.350000381469727
2016-11-18,193.48570251464844,12.850000381469727
2016-11-21,194.94680786132812,12.420000076293945
2016-11-22,195.32760620117188,12.40999984741211
2016-11-23,195.433837890625,12.430000305175781
2016-11-25,196.15994262695312,12.34000015258789
2016-11-28,195.23904418945312,13.149999618530273
2016-11-29,195.61978149414062,12.899999618530273
2016-11-30,195.15045166015625,13.329999923706055
2016-12-01,194.4331817626953,14.069999694824219
2016-12-02,194.53057861328125,14.119999885559082
2016-12-05,195.69947814941406,12.140000343322754
2016-12-06,196.31932067871094,11.789999961853027
2016-12-07,198.8873748779297,12.220000267028809
2016-12-08,199.37437438964844,12.640000343322754
2016-12-09,200.5786895751953,11.75
2016-12-12,200.34844970703125,12.640000343322754
2016-12-13,201.6855926513672,12.720000267028809
2016-12-14,200.02081298828125,13.1899995803833
2016-12-15,200.84432983398438,12.789999961853027
2016-12-16,200.4515380859375,12.199999809265137
2016-12-19,200.88800048828125,11.710000038146973
2016-12-20,201.6628875732422,11.449999809265137
2016-12-21,201.1017303466797,11.270000457763672
2016-12-22,200.7544403076172,11.430000305175781
2016-12-23,201.04835510253906,11.4399995803833
2016-12-27,201.54718017578125,11.989999771118164
2016-12-28,199.88143920898438,12.949999809265137
2016-12-29,199.8369598388672,13.369999885559082
2016-12-30,199.1065216064453,14.039999961853027
2017-01-03,200.6296844482422,12.850000381469727
2017-01-04,201.82327270507812,11.850000381469727
2017-01-05,201.6628875732422,11.670000076293945
2017-01-06,202.38446044921875,11.319999694824219
2017-01-09,201.71640014648438,11.5600004196167
2017-01-10,201.71640014648438,11.489999771118164
2017-01-11,202.2864227294922,11.260000228881836
2017-01-12,201.7787322998047,11.539999961853027
2017-01-13,202.241943359375,11.229999542236328
2017-01-17,201.52931213378906,11.869999885559082
2017-01-18,201.97470092773438,12.479999542236328
2017-01-19,201.22647094726562,12.779999732971191
2017-01-20,201.96583557128906,11.539999961853027
2017-01-23,201.44027709960938,11.770000457763672
2017-01-24,202.7318115234375,11.069999694824219
2017-01-25,204.48658752441406,10.8100004196167
2017-01-26,204.2727813720703,10.630000114440918
2017-01-27,203.95217895507812,10.579999923706055
2017-01-30,202.68728637695312,11.880000114440918
2017-01-31,202.6694793701172,11.989999771118164
2017-02-01,202.74966430664062,11.8100004196167
2017-02-02,202.88327026367188,11.930000305175781
2017-02-03,204.28173828125,10.970000267028809
2017-02-06,203.91648864746094,11.369999885559082
2017-02-07,203.92543029785156,11.289999961853027
2017-02-08,204.192626953125,11.449999809265137
2017-02-09,205.40406799316406,10.880000114440918
2017-02-10,206.214599609375,10.850000381469727
2017-02-13,207.33697509765625,11.069999694824219
2017-02-14,208.16531372070312,10.739999771118164
2017-02-15,209.25198364257812,11.970000267028809
2017-02-16,209.07388305664062,11.760000228881836
2017-02-17,209.40342712402344,11.489999771118164
2017-02-21,210.65048217773438,11.569999694824219
2017-02-22,210.46343994140625,11.739999771118164
2017-02-23,210.60597229003906,11.710000038146973
2017-02-24,210.87318420410156,11.470000267028809
2017-02-27,211.2027587890625,12.09000015258789
2017-02-28,210.6326446533203,12.920000076293945
2017-03-01,213.58102416992188,12.539999961853027
2017-03-02,212.23597717285156,11.8100004196167
2017-03-03,212.36961364746094,10.960000038146973
2017-03-06,211.73716735839844,11.239999771118164
2017-03-07,211.10475158691406,11.449999809265137
2017-03-08,210.7128143310547,11.859999656677246
2017-03-09,210.98004150390625,12.300000190734863
2017-03-10,211.71932983398438,11.65999984741211
2017-03-13,211.8262939453125,11.350000381469727
2017-03-14,211.0156707763672,12.300000190734863
2017-03-15,212.8416748046875,11.630000114440918
2017-03-16,212.42306518554688,11.210000038146973
2017-03-17,212.04998779296875,11.279999732971191
2017-03-20,211.81739807128906,11.34000015258789
2017-03-21,209.0977783203125,12.470000267028809
2017-03-22,209.58984375,12.8100004196167
2017-03-23,209.36618041992188,13.119999885559082
2017-03-24,209.2140655517578,12.960000038146973
2017-03-27,208.9993438720703,12.5
2017-03-28,210.5202178955078,11.529999732971191
2017-03-29,210.71701049804688,11.420000076293945
2017-03-30,211.38796997070312,11.539999961853027
2017-03-31,210.8959503173828,12.369999885559082
2017-04-03,210.5291748046875,12.380000114440918
2017-04-04,210.663330078125,11.789999961853027
2017-04-05,210.03712463378906,12.890000343322754
2017-04-06,210.6275634765625,12.390000343322754
2017-04-07,210.4128875732422,12.869999885559082
2017-04-10,210.53807067871094,14.050000190734863
2017-04-11,210.28762817382812,15.069999694824219
2017-04-12,209.36618041992188,15.770000457763672
2017-04-13,208.00633239746094,15.960000038146973
2017-04-17,209.8492431640625,14.65999984741211
2017-04-18,209.22300720214844,14.420000076293945
2017-04-19,208.83831787109375,14.930000305175781
2017-04-20,210.53807067871094,14.149999618530273
2017-04-21,209.8671417236328,14.630000114440918
2017-04-24,212.17526245117188,10.84000015258789
2017-04-25,213.40982055664062,10.760000228881836
2017-04-26,213.27557373046875,10.850000381469727
2017-04-27,213.45457458496094,10.359999656677246
2017-04-28,212.98934936523438,10.819999694824219
2017-05-01,213.52610778808594,10.109999656677246
2017-05-02,213.6066131591797,10.59000015258789
2017-05-03,213.34719848632812,10.680000305175781
2017-05-04,213.59765625,10.460000038146973
2017-05-05,214.43861389160156,10.569999694824219
2017-05-08,214.40280151367188,9.770000457763672
2017-05-09,214.2059783935547,9.960000038146973
2017-05-10,214.59071350097656,10.210000038146973
2017-05-11,214.15234375,10.600000381469727
2017-05-12,213.79449462890625,10.399999618530273
2017-05-15,214.97537231445312,10.420000076293945
2017-05-16,214.778564453125,10.649999618530273
2017-05-17,210.96755981445312,15.59000015258789
2017-05-18,211.81739807128906,14.65999984741211
2017-05-19,213.19508361816406,12.039999961853027
2017-05-22,214.27757263183594,10.930000305175781
2017-05-23,214.75172424316406,10.720000267028809
2017-05-24,215.25267028808594,10.020000457763672
2017-05-25,216.281494140625,9.989999771118164
2017-05-26,216.2367706298828,9.8100004196167
2017-05-30,216.04885864257812,10.380000114440918
2017-05-31,215.9952392578125,10.40999984741211
2017-06-01,217.7128448486328,9.890000343322754
2017-06-02,218.4375457763672,9.75
2017-06-05,218.27651977539062,10.069999694824219
2017-06-06,217.57872009277344,10.449999809265137
2017-06-07,217.98129272460938,10.390000343322754
2017-06-08,218.08863830566406,10.15999984741211
2017-06-09,217.7576141357422,10.699999809265137
2017-06-12,217.7128448486328,11.460000038146973
2017-06-13,218.77748107910156,10.420000076293945
2017-06-14,218.50015258789062,10.640000343322754
2017-06-15,218.07969665527344,10.899999618530273
2017-06-16,218.12730407714844,10.380000114440918
2017-06-19,219.94325256347656,10.369999885559082
2017-06-20,218.4599609375,10.859999656677246
2017-06-21,218.406005859375,10.75
2017-06-22,218.30712890625,10.479999542236328
2017-06-23,218.56785583496094,10.020000457763672
2017-06-26,218.71163940429688,9.899999618530273
2017-06-27,216.94964599609375,11.0600004196167
2017-06-28,218.89144897460938,10.029999732971191
2017-06-29,216.96766662597656,11.4399995803833
2017-06-30,217.3721923828125,11.180000305175781
2017-07-03,217.7407684326172,11.220000267028809
2017-07-05,218.24420166015625,11.069999694824219
2017-07-06,216.2484588623047,12.539999961853027
2017-07-07,217.65087890625,11.1899995803833
2017-07-10,217.88458251953125,11.109999656677246
2017-07-11,217.72276306152344,10.890000343322754
2017-07-12,219.35891723632812,10.300000190734863
2017-07-13,219.7274932861328,9.899999618530273
2017-07-14,220.75234985351562,9.510000228881836
2017-07-17,220.72537231445312,9.819999694824219
2017-07-18,220.8422088623047,9.890000343322754
2017-07-19,222.03785705566406,9.789999961853027
2017-07-20,222.1367950439453,9.579999923706055
2017-07-21,221.9390106201172,9.359999656677246
2017-07-24,221.88504028320312,9.430000305175781
2017-07-25,222.4244384765625,9.430000305175781
2017-07-26,222.4334259033203,9.600000381469727
2017-07-27,222.2266387939453,10.109999656677246
2017-07-28,221.9659881591797,10.289999961853027
2017-07-31,221.840087890625,10.260000228881836
2017-08-01,222.3345184326172,10.09000015258789
2017-08-02,222.44241333007812,10.279999732971191
2017-08-03,222.01092529296875,10.4399995803833
2017-08-04,222.4154510498047,10.029999732971191
2017-08-07,222.8289794921875,9.930000305175781
2017-08-08,222.28062438964844,10.960000038146973
2017-08-09,222.27157592773438,11.109999656677246
2017-08-10,219.13418579101562,16.040000915527344
2017-08-11,219.4578399658203,15.510000228881836
2017-08-14,221.6333465576172,12.329999923706055
2017-08-15,221.6063690185547,12.039999961853027
2017-08-16,221.992919921875,11.739999771118164
2017-08-17,218.53182983398438,15.550000190734863
2017-08-18,218.1902313232422,14.260000228881836
2017-08-21,218.361083984375,13.1899995803833
2017-08-22,220.64447021484375,11.350000381469727
2017-08-23,219.8533477783203,12.25
2017-08-24,219.34095764160156,12.229999542236328
2017-08-25,219.8533477783203,11.279999732971191
2017-08-28,219.8623504638672,11.319999694824219
2017-08-29,220.1140594482422,11.699999809265137
2017-08-30,221.15687561035156,11.220000267028809
2017-08-31,222.4873504638672,10.59000015258789
2017-09-01,222.80197143554688,10.130000114440918
2017-09-05,221.2018585205078,12.229999542236328
2017-09-06,221.95692443847656,11.630000114440918
2017-09-07,221.9300079345703,11.550000190734863
2017-09-08,221.66928100585938,12.119999885559082
2017-09-11,224.0335693359375,10.729999542236328
2017-09-12,224.7887420654297,10.579999923706055
2017-09-13,224.89662170410156,10.5
2017-09-14,224.82469177246094,10.4399995803833
2017-09-15,225.1273193359375,10.170000076293945
2017-09-18,225.60618591308594,10.149999618530273
2017-09-19,225.83200073242188,10.180000305175781
2017-09-20,225.913330078125,9.779999732971191
2017-09-21,225.30804443359375,9.670000076293945
2017-09-22,225.3532257080078,9.59000015258789
2017-09-25,224.8925018310547,10.210000038146973
2017-09-26,225.0279998779297,10.170000076293945
2017-09-27,225.9043426513672,9.869999885559082
2017-09-28,226.1753692626953,9.550000190734863
2017-09-29,226.97035217285156,9.510000228881836
2017-10-02,227.9551544189453,9.449999809265137
2017-10-03,228.4429473876953,9.510000228881836
2017-10-04,228.71397399902344,9.630000114440918
2017-10-05,230.06912231445312,9.1899995803833
2017-10-06,229.80712890625,9.649999618530273
2017-10-09,229.42771911621094,10.329999923706055
2017-10-10,230.03302001953125,10.079999923706055
2017-10-11,230.3943634033203,9.850000381469727
2017-10-12,230.05108642578125,9.90999984741211
2017-10-13,230.33116149902344,9.609999656677246
2017-10-16,230.63832092285156,9.90999984741211
2017-10-17,230.80096435546875,10.3100004196167
2017-10-18,231.02679443359375,10.069999694824219
2017-10-19,231.09002685546875,10.050000190734863
2017-10-20,232.28256225585938,9.970000267028809
2017-10-23,231.37913513183594,11.069999694824219
2017-10-24,231.78570556640625,11.15999984741211
2017-10-25,230.63832092285156,11.229999542236328
2017-10-26,230.93646240234375,11.300000190734863
2017-10-27,232.82461547851562,9.800000190734863
2017-10-30,231.95733642578125,10.5
2017-10-31,232.31871032714844,10.180000305175781
2017-11-01,232.62586975097656,10.199999809265137
2017-11-02,232.7162322998047,9.930000305175781
2017-11-03,233.49319458007812,9.140000343322754
2017-11-06,233.8545379638672,9.399999618530273
2017-11-07,233.69190979003906,9.890000343322754
2017-11-08,234.08946228027344,9.779999732971191
2017-11-09,233.24020385742188,10.5
2017-11-10,233.1679229736328,11.289999961853027
2017-11-13,233.3847198486328,11.5
2017-11-14,232.8426971435547,11.59000015258789
2017-11-15,231.6772918701172,13.130000114440918
2017-11-16,233.64675903320312,11.760000228881836
2017-11-17,232.96011352539062,11.430000305175781
2017-11-20,233.357666015625,10.649999618530273
2017-11-21,234.88442993164062,9.729999542236328
2017-11-22,234.6766815185547,9.880000114440918
2017-11-24,235.2187042236328,9.670000076293945
2017-11-27,235.10128784179688,9.869999885559082
2017-11-28,237.48635864257812,10.029999732971191
2017-11-29,237.34182739257812,10.699999809265137
2017-11-30,239.41970825195312,11.279999732971191
2017-12-01,238.92283630371094,11.430000305175781
2017-12-04,238.6337432861328,11.680000305175781
2017-12-05,237.7754669189453,11.329999923706055
2017-12-06,237.82061767578125,11.020000457763672
2017-12-07,238.57049560546875,10.15999984741211
2017-12-08,239.87147521972656,9.579999923706055
2017-12-11,240.59420776367188,9.34000015258789
2017-12-12,241.01881408691406,9.920000076293945
2017-12-13,240.99171447753906,10.180000305175781
2017-12-14,240.0069580078125,10.489999771118164
2017-12-15,242.0055694580078,9.420000076293945
2017-12-18,243.54026794433594,9.529999732971191
2017-12-19,242.60491943359375,10.029999732971191
2017-12-20,242.47776794433594,9.720000267028809
2017-12-21,242.9771728515625,9.619999885559082
2017-12-22,242.91360473632812,9.899999618530273
2017-12-26,242.62306213378906,10.25
2017-12-27,242.74111938476562,10.470000267028809
2017-12-28,243.2405548095703,10.180000305175781
2017-12-29,242.3234405517578,11.039999961853027
2018-01-02,244.0577850341797,9.770000457763672
2018-01-03,245.6015167236328,9.149999618530273
2018-01-04,246.63661193847656,9.220000267028809
2018-01-05,248.2802734375,9.220000267028809
2018-01-08,248.73422241210938,9.520000457763672
2018-01-09,249.2973175048828,10.079999923706055
2018-01-10,248.91592407226562,9.819999694824219
2018-01-11,250.73199462890625,9.880000114440918
2018-01-12,252.36656188964844,10.15999984741211
2018-01-16,251.5038299560547,11.65999984741211
2018-01-17,253.9010467529297,11.90999984741211
2018-01-18,253.47430419921875,12.220000267028809
2018-01-19,254.62750244140625,11.270000457763672
2018-01-22,256.6979064941406,11.029999732971191
2018-01-23,257.24273681640625,11.100000381469727
2018-01-24,257.1427917480469,11.470000267028809
2018-01-25,257.2518005371094,11.579999923706055
2018-01-26,260.23016357421875,11.079999923706055
2018-01-29,258.5049133300781,13.84000015258789
2018-01-30,255.85340881347656,14.789999961853027
2018-01-31,255.98052978515625,13.539999961853027
2018-02-01,255.68995666503906,13.470000267028809
2018-02-02,250.12359619140625,17.309999465942383
2018-02-05,239.6627960205078,37.31999969482422
2018-02-06,244.3846893310547,29.979999542236328
2018-02-07,243.05899047851562,27.729999542236328
2018-02-08,233.94204711914062,33.459999084472656
2018-02-09,237.45619201660156,29.059999465942383
2018-02-12,240.9431610107422,25.610000610351562
2018-02-13,241.54248046875,24.969999313354492
2018-02-14,244.80238342285156,19.260000228881836
2018-02-15,247.92611694335938,19.1299991607666
2018-02-16,247.9986572265625,19.459999084472656
2018-02-20,246.4459686279297,20.600000381469727
2018-02-21,245.22007751464844,20.020000457763672
2018-02-22,245.53785705566406,18.719999313354492
2018-02-23,249.45159912109375,16.489999771118164
2018-02-26,252.34841918945312,15.800000190734863
2018-02-27,249.1973419189453,18.59000015258789
2018-02-28,246.6729736328125,19.850000381469727
2018-03-01,243.086181640625,22.469999313354492
2018-03-02,244.33921813964844,19.59000015258789
2018-03-05,247.16339111328125,18.729999542236328
2018-03-06,247.78990173339844,18.360000610351562
2018-03-07,247.69906616210938,17.760000228881836
2018-03-08,248.8977508544922,16.540000915527344
2018-03-09,253.2291259765625,14.640000343322754
2018-03-12,252.9112548828125,15.779999732971191
2018-03-13,251.27682495117188,16.350000381469727
2018-03-14,249.9874267578125,17.229999542236328
2018-03-15,249.7149658203125,16.59000015258789
2018-03-16,249.9857635498047,15.800000190734863
2018-03-19,246.6033172607422,19.020000457763672
2018-03-20,247.02273559570312,18.200000762939453
2018-03-21,246.54869079589844,17.860000610351562
2018-03-22,240.38565063476562,23.34000015258789
2018-03-23,235.26190185546875,24.8700008392334
2018-03-26,241.698486328125,21.030000686645508
2018-03-27,237.5867919921875,22.5
2018-03-28,236.88473510742188,22.8700008392334
2018-03-29,239.91156005859375,19.969999313354492
2018-04-02,234.73316955566406,23.6200008392334
2018-04-03,237.7417755126953,21.100000381469727
2018-04-04,240.28533935546875,20.059999465942383
2018-04-05,242.1816864013672,18.940000534057617
2018-04-06,236.78443908691406,21.489999771118164
2018-04-09,237.9514617919922,21.770000457763672
2018-04-10,241.73497009277344,20.469999313354492
2018-04-11,240.4676971435547,20.239999771118164
2018-04-12,242.4459686279297,18.489999771118164
2018-04-13,241.73497009277344,17.40999984741211
2018-04-16,243.722412109375,16.559999465942383
2018-04-17,246.32986450195312,15.25
2018-04-18,246.51217651367188,15.600000381469727
2018-04-19,245.14468383789062,15.960000038146973
2018-04-20,243.0659942626953,16.8799991607666
2018-04-23,243.0294952392578,16.34000015258789
2018-04-24,239.756591796875,18.020000457763672
2018-04-25,240.3491668701172,17.84000015258789
2018-04-26,242.79251098632812,16.239999771118164
2018-04-27,243.02041625976562,15.40999984741211
2018-04-30,241.15145874023438,15.930000305175781
2018-05-01,241.5800018310547,15.489999771118164
2018-05-02,239.95709228515625,15.970000267028809
2018-05-03,239.42837524414062,15.899999618530273
2018-05-04,242.52810668945312,14.770000457763672
2018-05-07,243.3486785888672,14.75
2018-05-08,243.3486785888672,14.710000038146973
2018-05-09,245.7008514404297,13.420000076293945
2018-05-10,247.9982452392578,13.229999542236328
2018-05-11,248.75497436523438,12.649999618530273
2018-05-14,248.87339782714844,12.930000305175781
2018-05-15,247.1595001220703,14.630000114440918
2018-05-16,248.1988067626953,13.420000076293945
2018-05-17,247.98910522460938,13.430000305175781
2018-05-18,247.36915588378906,13.420000076293945
2018-05-21,249.22911071777344,13.079999923706055
2018-05-22,248.53614807128906,13.220000267028809
2018-05-23,249.21987915039062,12.579999923706055
2018-05-24,248.70938110351562,12.529999732971191
2018-05-25,248.1167449951172,13.220000267028809
2018-05-29,245.26312255859375,17.020000457763672
2018-05-30,248.53614807128906,14.9399995803833
2018-05-31,247.01361083984375,15.430000305175781
2018-06-01,249.438720703125,13.460000038146973
2018-06-04,250.6239471435547,12.739999771118164
2018-06-05,250.8062744140625,12.399999618530273
2018-06-06,252.9031524658203,11.640000343322754
2018-06-07,252.87582397460938,12.130000114440918
2018-06-08,253.6233673095703,12.180000305175781
2018-06-11,253.9607391357422,12.350000381469727
2018-06-12,254.2889862060547,12.34000015258789
2018-06-13,253.4775848388672,12.9399995803833
2018-06-14,254.11573791503906,12.119999885559082
2018-06-15,253.79153442382812,11.979999542236328
2018-06-18,253.26953125,12.3100004196167
2018-06-19,252.29884338378906,13.350000381469727
2018-06-20,252.72923278808594,12.789999961853027
2018-06-21,251.14491271972656,14.640000343322754
2018-06-22,251.60279846191406,13.770000457763672
2018-06-25,248.177734375,17.329999923706055
2018-06-26,248.7272186279297,15.920000076293945
2018-06-27,246.66673278808594,17.90999984741211
2018-06-28,248.07701110839844,16.850000381469727
2018-06-29,248.43417358398438,16.09000015258789
2018-07-02,248.96533203125,15.600000381469727
2018-07-03,248.086181640625,16.139999389648438
2018-07-05,250.11000061035156,14.970000267028809
2018-07-06,252.22555541992188,13.369999885559082
2018-07-09,254.4967498779297,12.6899995803833
2018-07-10,255.4123992919922,12.640000343322754
2018-07-11,253.54429626464844,13.630000114440918
2018-07-12,255.84283447265625,12.579999923706055
2018-07-13,256.04437255859375,12.180000305175781
2018-07-16,255.81541442871094,12.829999923706055
2018-07-17,256.8502197265625,12.0600004196167
2018-07-18,257.3905944824219,12.100000381469727
2018-07-19,256.4197998046875,12.869999885559082
2018-07-20,256.12677001953125,12.859999656677246
2018-07-23,256.6029968261719,12.619999885559082
2018-07-24,257.89422607421875,12.40999984741211
2018-07-25,260.0921325683594,12.289999961853027
2018-07-26,259.4784851074219,12.140000343322754
2018-07-27,257.7203063964844,13.029999732971191
2018-07-30,256.3740539550781,14.260000228881836
2018-07-31,257.63787841796875,12.829999923706055
2018-08-01,257.2074279785156,13.149999618530273
2018-08-02,258.6085510253906,12.1899995803833
2018-08-03,259.7166748046875,11.640000343322754
2018-08-06,260.6690979003906,11.270000457763672
2018-08-07,261.5299377441406,10.930000305175781
2018-08-08,261.4199523925781,10.850000381469727
2018-08-09,261.0628356933594,11.270000457763672
2018-08-10,259.3136901855469,13.15999984741211
2018-08-13,258.3429870605469,14.779999732971191
2018-08-14,259.99139404296875,13.3100004196167
2018-08-15,258.04998779296875,14.640000343322754
2018-08-16,260.1378479003906,13.449999809265137
2018-08-17,261.0537109375,12.640000343322754
2018-08-20,261.6123962402344,12.489999771118164
2018-08-21,262.2259216308594,12.859999656677246
2018-08-22,262.0702819824219,12.25
2018-08-23,261.7222595214844,12.40999984741211
2018-08-24,263.29736328125,11.989999771118164
2018-08-27,265.376220703125,12.15999984741211
2018-08-28,265.5044250488281,12.5
2018-08-29,266.9329833984375,12.25
2018-08-30,265.85235595703125,13.529999732971191
2018-08-31,265.86151123046875,12.859999656677246
2018-09-04,265.40362548828125,13.15999984741211
2018-09-05,264.6893005371094,13.90999984741211
2018-09-06,263.8926086425781,14.649999618530273
2018-09-07,263.3797912597656,14.880000114440918
2018-09-10,263.8376159667969,14.15999984741211
2018-09-11,264.70770263671875,13.220000267028809
2018-09-12,264.771728515625,13.140000343322754
2018-09-13,266.3377685546875,12.369999885559082
2018-09-14,266.3835754394531,12.069999694824219
2018-09-17,264.9732971191406,13.680000305175781
2018-09-18,266.41107177734375,12.789999961853027
2018-09-19,266.6949462890625,11.75
2018-09-20,268.856201171875,11.800000190734863
2018-09-21,268.6105651855469,11.680000305175781
2018-09-24,267.71820068359375,12.199999809265137
2018-09-25,267.4698486328125,12.420000076293945
2018-09-26,266.6695251464844,12.890000343322754
2018-09-27,267.4147033691406,12.40999984741211
2018-09-28,267.4422302246094,12.119999885559082
2018-10-01,268.3713073730469,12.0
2018-10-02,268.2149658203125,12.050000190734863
2018-10-03,268.3621826171875,11.609999656677246
2018-10-04,266.2647705078125,14.220000267028809
2018-10-05,264.77447509765625,14.819999694824219
2018-10-08,264.77447509765625,15.6899995803833
2018-10-09,264.3880615234375,15.949999809265137
2018-10-10,256.01666259765625,22.959999084472656
2018-10-11,250.37753295898438,24.979999542236328
2018-10-12,253.85487365722656,21.309999465942383
2018-10-15,252.4289093017578,21.299999237060547
2018-10-16,257.9485778808594,17.6200008392334
2018-10-17,257.9945983886719,17.399999618530273
2018-10-18,254.26890563964844,20.059999465942383
2018-10-19,254.1308135986328,19.889999389648438
2018-10-22,252.9901123046875,19.639999389648438
2018-10-23,251.70223999023438,20.709999084472656
2018-10-24,244.07601928710938,25.229999542236328
2018-10-25,248.45484924316406,24.219999313354492
2018-10-26,244.08518981933594,24.15999984741211
2018-10-29,242.73281860351562,24.700000762939453
2018-10-30,246.32977294921875,23.350000381469727
2018-10-31,248.9608612060547,21.229999542236328
2018-11-01,251.61026000976562,19.34000015258789
2018-11-02,250.1199951171875,19.510000228881836
2018-11-05,251.4998779296875,19.959999084472656
2018-11-06,253.09127807617188,19.90999984741211
2018-11-07,258.50970458984375,16.360000610351562
2018-11-08,258.0405578613281,16.719999313354492
2018-11-09,255.51992797851562,17.360000610351562
2018-11-12,250.7454833984375,20.450000762939453
2018-11-13,250.27633666992188,20.020000457763672
2018-11-14,248.5653076171875,21.25
2018-11-15,251.15943908691406,19.979999542236328
2018-11-16,251.81268310546875,18.139999389648438
2018-11-19,247.5533447265625,20.100000381469727
2018-11-20,242.9720916748047,22.479999542236328
2018-11-21,243.8000030517578,20.799999237060547
2018-11-23,242.17172241210938,21.520000457763672
2018-11-26,246.0814208984375,18.899999618530273
2018-11-27,246.90936279296875,19.020000457763672
2018-11-28,252.59457397460938,18.489999771118164
2018-11-29,252.0425567626953,18.790000915527344
2018-11-30,253.57884216308594,18.06999969482422
2018-12-03,256.9366760253906,16.440000534057617
2018-12-04,248.61123657226562,20.739999771118164
2018-12-06,248.23410034179688,21.190000534057617
2018-12-07,242.466064453125,23.229999542236328
2018-12-10,242.92608642578125,22.639999389648438
2018-12-11,242.9813232421875,21.760000228881836
2018-12-12,244.20477294921875,21.459999084472656
2018-12-13,244.12197875976562,20.649999618530273
2018-12-14,239.61431884765625,21.6299991607666
2018-12-17,234.9134979248047,24.520000457763672
2018-12-18,234.65594482421875,25.579999923706055
2018-12-19,231.1417694091797,25.579999923706055
2018-12-20,227.37925720214844,28.3799991607666
2018-12-21,222.72035217285156,30.110000610351562
2018-12-24,216.83541870117188,36.06999969482422
2018-12-26,227.79104614257812,30.40999984741211
2018-12-27,229.5398406982422,29.959999084472656
2018-12-28,229.2437286376953,28.34000015258789
2018-12-31,231.2516632080078,25.420000076293945
2019-01-02,231.4921875,23.219999313354492
2019-01-03,225.96815490722656,25.450000762939453
2019-01-04,233.5371551513672,21.3799991607666
2019-01-07,235.3784942626953,21.399999618530273
2019-01-08,237.5899658203125,20.469999313354492
2019-01-09,238.70037841796875,19.979999542236328
2019-01-10,239.54237365722656,19.5
2019-01-11,239.63490295410156,18.190000534057617
2019-01-14,238.17294311523438,19.06999969482422
2019-01-15,240.90260314941406,18.600000381469727
2019-01-16,241.48548889160156,19.040000915527344
2019-01-17,243.3175811767578,18.059999465942383
2019-01-18,246.55616760253906,17.799999237060547
2019-01-22,243.22503662109375,20.799999237060547
2019-01-23,243.73399353027344,19.520000457763672
2019-01-24,243.8635711669922,18.889999389648438
2019-01-25,245.9269256591797,17.420000076293945
2019-01-28,244.05783081054688,18.8700008392334
2019-01-29,243.73399353027344,19.1299991607666
2019-01-30,247.5924835205078,17.65999984741211
2019-01-31,249.7669219970703,16.56999969482422
2019-02-01,249.88722229003906,16.139999389648438
2019-02-04,251.64532470703125,15.729999542236328
2019-02-05,252.70018005371094,15.569999694824219
2019-02-06,252.36708068847656,15.380000114440918
2019-02-07,249.96131896972656,16.3700008392334
2019-02-08,250.26666259765625,15.720000267028809
2019-02-11,250.40536499023438,15.970000267028809
2019-02-12,253.62551879882812,15.430000305175781
2019-02-13,254.44900512695312,15.649999618530273
2019-02-14,253.88453674316406,16.219999313354492
2019-02-15,256.65118408203125,14.90999984741211
2019-02-19,257.0953674316406,14.880000114440918
2019-02-20,257.6135559082031,14.020000457763672
2019-02-21,256.6974792480469,14.460000038146973
2019-02-22,258.2889404296875,13.510000228881836
2019-02-25,258.6405944824219,14.850000381469727
2019-02-26,258.4555969238281,15.170000076293945
2019-02-27,258.3445739746094,14.699999809265137
2019-02-28,257.86334228515625,14.779999732971191
2019-03-01,259.47344970703125,13.569999694824219
2019-03-04,258.5295715332031,14.630000114440918
2019-03-05,258.17803955078125,14.739999771118164
2019-03-06,256.6142272949219,15.739999771118164
2019-03-07,254.46742248535156,16.59000015258789
2019-03-08,253.95860290527344,16.049999237060547
2019-03-11,257.6412658691406,14.329999923706055
2019-03-12,258.6128845214844,13.770000457763672
2019-03-13,260.3246765136719,13.40999984741211
2019-03-14,260.1581115722656,13.5
2019-03-15,261.4434509277344,12.880000114440918
2019-03-18,262.391357421875,13.100000381469727
2019-03-19,262.4564208984375,13.5600004196167
2019-03-20,261.66644287109375,13.90999984741211
2019-03-21,264.6219177246094,13.630000114440918
2019-03-22,259.5289001464844,16.479999542236328
2019-03-25,259.33380126953125,16.329999923706055
2019-03-26,261.266845703125,14.680000305175781
2019-03-27,259.9007263183594,15.149999618530273
2019-03-28,260.8858337402344,14.430000305175781
2019-03-29,262.5308532714844,13.710000038146973
2019-04-01,265.6441650390625,13.399999618530273
2019-04-02,265.7743225097656,13.359999656677246
2019-04-03,266.1925964355469,13.739999771118164
2019-04-04,266.8988952636719,13.579999923706055
2019-04-05,268.1907653808594,12.819999694824219
2019-04-08,268.39520263671875,13.180000305175781
2019-04-09,267.01971435546875,14.279999732971191
2019-04-10,267.9305114746094,13.300000190734863
2019-04-11,267.856201171875,13.020000457763672
2019-04-12,269.66845703125,12.010000228881836
2019-04-15,269.4918518066406,12.319999694824219
2019-04-16,269.66845703125,12.180000305175781
2019-04-17,269.00860595703125,12.600000381469727
2019-04-18,269.53826904296875,12.09000015258789
2019-04-22,269.7706298828125,12.420000076293945
2019-04-23,272.19635009765625,12.279999732971191
2019-04-24,271.5922546386719,13.140000343322754
2019-04-25,271.42498779296875,13.25
2019-04-26,272.68896484375,12.729999542236328
2019-04-29,273.116455078125,13.109999656677246
2019-04-30,273.25579833984375,13.119999885559082
2019-05-01,271.2019348144531,14.800000190734863
2019-05-02,270.616455078125,14.420000076293945
2019-05-03,273.2651672363281,12.869999885559082
2019-05-06,272.140625,15.4399995803833
2019-05-07,267.5959777832031,19.31999969482422
2019-05-08,267.2242126464844,19.399999618530273
2019-05-09,266.4156188964844,19.100000381469727
2019-05-10,267.75390625,16.040000915527344
2019-05-13,261.02520751953125,20.549999237060547
2019-05-14,263.3858337402344,18.059999465942383
2019-05-15,264.9285888671875,16.440000534057617
2019-05-16,267.38214111328125,15.289999961853027
2019-05-17,265.653564453125,15.960000038146973
2019-05-20,263.8969421386719,16.309999465942383
2019-05-21,266.2761535644531,14.949999809265137
2019-05-22,265.4583435058594,14.75
2019-05-23,262.21484375,16.920000076293945
2019-05-24,262.80963134765625,15.850000381469727
2019-05-28,260.36541748046875,17.5
2019-05-29,258.61810302734375,17.899999618530273
2019-05-30,259.3244323730469,17.299999237060547
2019-05-31,255.82998657226562,18.709999084472656
2019-06-03,255.17945861816406,18.860000610351562
2019-06-04,260.71856689453125,16.969999313354492
2019-06-05,262.9768981933594,16.09000015258789
2019-06-06,264.68701171875,15.930000305175781
2019-06-07,267.3356628417969,16.299999237060547
2019-06-10,268.5625305175781,15.9399995803833
2019-06-11,268.49737548828125,15.989999771118164
2019-06-12,268.02349853515625,15.90999984741211
2019-06-13,269.1294250488281,15.819999694824219
2019-06-14,268.8320007324219,15.279999732971191
2019-06-17,268.93426513671875,15.350000381469727
2019-06-18,271.750244140625,15.149999618530273
2019-06-19,272.3636474609375,14.329999923706055
2019-06-20,274.9659118652344,14.75
2019-06-21,274.5661926269531,15.399999618530273
2019-06-24,274.2300109863281,15.260000228881836
2019-06-25,271.54034423828125,16.280000686645508
2019-06-26,271.2695007324219,16.209999084472656
2019-06-27,272.2314758300781,15.819999694824219
2019-06-28,273.6322937011719,15.079999923706055
2019-07-01,276.1164855957031,14.0600004196167
2019-07-02,276.8355712890625,12.930000305175781
2019-07-03,279.04888916015625,12.569999694824219
2019-07-05,278.7314453125,13.279999732971191
2019-07-08,277.1997985839844,13.960000038146973
2019-07-09,277.5453186035156,14.09000015258789
2019-07-10,278.8714599609375,13.029999732971191
2019-07-11,279.52520751953125,12.930000305175781
2019-07-12,280.776611328125,12.390000343322754
2019-07-15,280.86993408203125,12.680000305175781
2019-07-16,279.9641418457031,12.859999656677246
2019-07-17,278.0589599609375,13.970000267028809
2019-07-18,279.0769348144531,13.529999732971191
2019-07-19,277.526611328125,14.449999809265137
2019-07-22,278.2083435058594,13.529999732971191
2019-07-23,280.19757080078125,12.609999656677246
2019-07-24,281.51434326171875,12.069999694824219
2019-07-25,280.1695861816406,12.739999771118164
2019-07-26,282.0467529296875,12.15999984741211
2019-07-29,281.5331115722656,12.829999923706055
2019-07-30,280.84197998046875,13.9399995803833
2019-07-31,277.7694396972656,16.1200008392334
2019-08-01,275.3506774902344,17.8700008392334
2019-08-02,273.2774353027344,17.610000610351562
2019-08-05,265.0591125488281,24.59000015258789
2019-08-06,268.7760009765625,20.170000076293945
2019-08-07,268.9348449707031,19.489999771118164
2019-08-08,274.21136474609375,16.90999984741211
2019-08-09,272.3435363769531,17.969999313354492
2019-08-12,269.02825927734375,21.09000015258789
2019-08-13,273.2120056152344,17.520000457763672
2019-08-14,265.1337890625,22.100000381469727
2019-08-15,265.834228515625,21.18000030517578
2019-08-16,269.7566223144531,18.469999313354492
2019-08-19,273.0065612792969,16.8799991607666
2019-08-20,270.9146423339844,17.5
2019-08-21,273.1186828613281,15.800000190734863
2019-08-22,273.0345764160156,16.68000030517578
2019-08-23,266.0210266113281,19.8700008392334
2019-08-26,268.96282958984375,19.31999969482422
2019-08-27,267.9075012207031,20.309999465942383
2019-08-28,269.79400634765625,19.350000381469727
2019-08-29,273.24005126953125,17.8799991607666
2019-08-30,273.1186828613281,18.979999542236328
2019-09-03,271.5216369628906,19.65999984741211
2019-09-04,274.6035461425781,17.329999923706055
2019-09-05,278.13372802734375,16.270000457763672
2019-09-06,278.3484191894531,15.0
2019-09-09,278.488525390625,15.270000457763672
2019-09-10,278.4232177734375,15.199999809265137
2019-09-11,280.403076171875,14.609999656677246
2019-09-12,281.3742980957031,14.220000267028809
2019-09-13,281.1874694824219,13.739999771118164
2019-09-16,280.3190002441406,14.670000076293945
2019-09-17,281.02880859375,14.4399995803833
2019-09-18,281.1969299316406,13.949999809265137
2019-09-19,281.1781311035156,14.050000190734863
2019-09-20,279.84967041015625,15.319999694824219
2019-09-23,279.7840270996094,14.90999984741211
2019-09-24,277.58856201171875,17.049999237060547
2019-09-25,279.2304382324219,15.960000038146973
2019-09-26,278.64874267578125,16.06999969482422
2019-09-27,277.1475830078125,17.219999313354492
2019-09-30,278.43292236328125,16.239999771118164
2019-10-01,275.1210632324219,18.559999465942383
2019-10-02,270.2611999511719,20.559999465942383
2019-10-03,272.4753723144531,19.1200008392334
2019-10-04,276.1625061035156,17.040000915527344
2019-10-07,274.970947265625,17.860000610351562
2019-10-08,270.7021484375,20.280000686645508
2019-10-09,273.2728271484375,18.639999389648438
2019-10-10,275.1210632324219,17.56999969482422
2019-10-11,277.9732666015625,15.579999923706055
2019-10-14,277.6636657714844,14.569999694824219
2019-10-15,280.4126281738281,13.539999961853027
2019-10-16,279.9622802734375,13.680000305175781
2019-10-17,280.7878723144531,13.789999961853027
2019-10-18,279.558837890625,14.25
2019-10-21,281.4540100097656,14.0
2019-10-22,280.5345764160156,14.460000038146973
2019-10-23,281.35076904296875,14.010000228881836
2019-10-24,281.81048583984375,13.710000038146973
2019-10-25,282.9645080566406,12.649999618530273
2019-10-28,284.5595397949219,13.109999656677246
2019-10-29,284.4750671386719,13.199999809265137
2019-10-30,285.34759521484375,12.329999923706055
2019-10-31,284.5876770019531,13.220000267028809
2019-11-01,287.22406005859375,12.300000190734863
2019-11-04,288.37799072265625,12.829999923706055
2019-11-05,288.0589599609375,13.100000381469727
2019-11-06,288.1247253417969,12.619999885559082
2019-11-07,289.13800048828125,12.729999542236328
2019-11-08,289.8509826660156,12.069999694824219
2019-11-11,289.2975158691406,12.6899995803833
2019-11-12,289.9072570800781,12.680000305175781
2019-11-13,290.0011901855469,13.0
2019-11-14,290.42333984375,13.050000190734863
2019-11-15,292.5249328613281,12.050000190734863
2019-11-18,292.74066162109375,12.460000038146973
2019-11-19,292.65625,12.859999656677246
2019-11-20,291.5679016113281,12.779999732971191
2019-11-21,291.0988464355469,13.130000114440918
2019-11-22,291.7461853027344,12.34000015258789
2019-11-25,294.0072937011719,11.869999885559082
2019-11-26,294.67340087890625,11.539999961853027
2019-11-27,295.9868469238281,11.75
2019-11-29,294.88922119140625,12.619999885559082
2019-12-02,292.3841857910156,14.90999984741211
2019-12-03,290.42333984375,15.960000038146973
2019-12-04,292.2153015136719,14.800000190734863
2019-12-05,292.74066162109375,14.520000457763672
2019-12-06,295.4146423339844,13.619999885559082
2019-12-09,294.4858703613281,15.859999656677246
2019-12-10,294.1573791503906,15.680000305175781
2019-12-11,294.9924011230469,14.989999771118164
2019-12-12,297.5350036621094,13.9399995803833
2019-12-13,297.7132873535156,12.630000114440918
2019-12-16,299.7585144042969,12.140000343322754
2019-12-17,299.8242492675781,12.289999961853027
2019-12-18,299.8429870605469,12.579999923706055
2019-12-19,301.07208251953125,12.5
2019-12-20,302.39202880859375,12.510000228881836
2019-12-23,302.8539733886719,12.609999656677246
2019-12-24,302.8634338378906,12.670000076293945
2019-12-26,304.47564697265625,12.649999618530273
2019-12-27,304.40020751953125,13.430000305175781
2019-12-30,302.7220153808594,14.819999694824219
2019-12-31,303.457275390625,13.779999732971191
2020-01-02,306.2952880859375,12.470000267028809
2020-01-03,303.97589111328125,14.020000457763672
2020-01-06,305.1356506347656,13.850000381469727
2020-01-07,304.2776184082031,13.789999961853027
2020-01-08,305.8993225097656,13.449999809265137
2020-01-09,307.9734802246094,12.539999961853027
2020-01-10,307.0872802734375,12.5600004196167
2020-01-13,309.19915771484375,12.319999694824219
2020-01-14,308.7277526855469,12.390000343322754
2020-01-15,309.4254455566406,12.420000076293945
2020-01-16,311.9993896484375,12.319999694824219
2020-01-17,312.970458984375,12.100000381469727
2020-01-21,312.3575744628906,12.850000381469727
2020-01-22,312.3953552246094,12.90999984741211
2020-01-23,312.75360107421875,12.979999542236328
2020-01-24,309.9722900390625,14.5600004196167
2020-01-27,305.0035705566406,18.229999542236328
2020-01-28,308.1997985839844,16.280000686645508
2020-01-29,307.9452209472656,16.389999389648438
2020-01-30,308.944580078125,15.489999771118164
2020-01-31,303.3348388671875,18.84000015258789
2020-02-03,305.58819580078125,17.969999313354492
2020-02-04,310.2457275390625,16.049999237060547
2020-02-05,313.8284606933594,15.149999618530273
2020-02-06,314.8843688964844,14.960000038146973
2020-02-07,313.20611572265625,15.470000267028809
2020-02-10,315.5444030761719,15.039999961853027
2020-02-11,316.0911865234375,15.180000305175781
2020-02-12,318.12774658203125,13.739999771118164
2020-02-13,317.788330078125,14.149999618530273
2020-02-14,318.2973937988281,13.680000305175781
2020-02-18,317.4771728515625,14.829999923706055
2020-02-19,318.9951171875,14.380000114440918
2020-02-20,317.68463134765625,15.5600004196167
2020-02-21,314.4129943847656,17.079999923706055
2020-02-24,303.9853515625,25.030000686645508
2020-02-25,294.77392578125,27.850000381469727
2020-02-26,293.689697265625,27.559999465942383
2020-02-27,280.49957275390625,39.15999984741211
2020-02-28,279.3210754394531,40.11000061035156
2020-03-02,291.41748046875,33.41999816894531
2020-03-03,283.0734558105469,36.81999969482422
2020-03-04,294.9719543457031,31.989999771118164
2020-03-05,285.1665954589844,39.619998931884766
2020-03-06,280.4524230957031,41.939998626708984
2020-03-09,258.5506591796875,54.459999084472656
2020-03-10,271.9292907714844,47.29999923706055
2020-03-11,258.6732177734375,53.900001525878906
2020-03-12,233.92408752441406,75.47000122070312
2020-03-13,253.92138671875,57.83000183105469
2020-03-16,226.13636779785156,82.69000244140625
2020-03-17,238.34593200683594,75.91000366210938
2020-03-18,226.2777862548828,76.44999694824219
2020-03-19,226.75865173339844,72.0
2020-03-20,216.9866485595703,66.04000091552734
2020-03-23,211.43870544433594,61.59000015258789
2020-03-24,230.595703125,61.66999816894531
2020-03-25,234.04776000976562,63.95000076293945
2020-03-26,247.71376037597656,61.0
2020-03-27,240.33543395996094,65.54000091552734
2020-03-30,248.14051818847656,57.08000183105469
2020-03-31,244.44189453125,53.540000915527344
2020-04-01,233.44082641601562,57.060001373291016
2020-04-02,238.82754516601562,50.90999984741211
2020-04-03,235.37547302246094,46.79999923706055
2020-04-06,251.18479919433594,45.2400016784668
2020-04-07,251.44081115722656,46.70000076293945
2020-04-08,259.8813171386719,43.349998474121094
2020-04-09,263.8360290527344,41.66999816894531
2020-04-13,261.4271545410156,41.16999816894531
2020-04-14,269.1373596191406,37.7599983215332
2020-04-15,263.4187927246094,40.84000015258789
2020-04-16,264.6895446777344,40.11000061035156
2020-04-17,271.8402404785156,38.150001525878906
2020-04-20,267.0509948730469,43.83000183105469
2020-04-21,258.94244384765625,45.40999984741211
2020-04-22,264.6895446777344,41.97999954223633
2020-04-23,264.67059326171875,41.380001068115234
2020-04-24,268.3597717285156,35.93000030517578
2020-04-27,272.22906494140625,33.290000915527344
2020-04-28,270.97723388671875,33.56999969482422
2020-04-29,278.071044921875,31.229999542236328
2020-04-30,275.4820556640625,34.150001525878906
2020-05-01,268.1891174316406,37.189998626708984
2020-05-04,268.9287414550781,35.970001220703125
2020-05-05,271.4134826660156,33.61000061035156
2020-05-06,269.5736389160156,34.119998931884766
2020-05-07,272.8265686035156,31.440000534057617
2020-05-08,277.3408203125,27.979999542236328
2020-05-11,277.39764404296875,27.56999969482422
2020-05-12,271.8687438964844,33.040000915527344
2020-05-13,267.0604553222656,35.279998779296875
2020-05-14,270.2564392089844,32.61000061035156
2020-05-15,271.4988708496094,31.889999389648438
2020-05-18,279.7686767578125,29.299999237060547
2020-05-19,276.89508056640625,30.530000686645508
2020-05-20,281.5989685058594,27.989999771118164
2020-05-21,279.65478515625,29.530000686645508
2020-05-22,280.1858825683594,28.15999984741211
2020-05-26,283.6379699707031,28.010000228881836
2020-05-27,287.8581848144531,27.6200008392334
2020-05-28,287.3271179199219,28.59000015258789
2020-05-29,288.6074523925781,27.510000228881836
2020-06-01,289.7738952636719,28.229999542236328
2020-06-02,292.1732482910156,26.84000015258789
2020-06-03,296.0615539550781,25.65999984741211
2020-06-04,295.2839050292969,25.809999465942383
2020-06-05,302.85186767578125,24.520000457763672
2020-06-08,306.5126037597656,25.809999465942383
2020-06-09,304.22705078125,27.56999969482422
2020-06-10,302.52947998046875,27.56999969482422
2020-06-11,285.0889587402344,40.790000915527344
2020-06-12,288.5030517578125,36.09000015258789
2020-06-15,291.1964416503906,34.400001525878906
2020-06-16,296.8013610839844,33.66999816894531
2020-06-17,295.5683898925781,33.470001220703125
2020-06-18,295.6822509765625,32.939998626708984
2020-06-19,293.9924011230469,35.119998931884766
2020-06-22,295.8784484863281,31.770000457763672
2020-06-23,297.2405700683594,31.3700008392334
2020-06-24,289.6583557128906,33.84000015258789
2020-06-25,292.763671875,32.220001220703125
2020-06-26,285.81011962890625,34.72999954223633
2020-06-29,290.0107421875,31.780000686645508
2020-06-30,293.7257080078125,30.43000030517578
2020-07-01,295.7831726074219,28.6200008392334
2020-07-02,297.41204833984375,27.68000030517578
2020-07-06,302.0033874511719,27.940000534057617
2020-07-07,298.8885192871094,29.43000030517578
2020-07-08,301.174560546875,28.079999923706055
2020-07-09,299.4599914550781,29.260000228881836
2020-07-10,302.51763916015625,27.290000915527344
2020-07-13,299.8982238769531,32.189998626708984
2020-07-14,303.7845153808594,29.520000457763672
2020-07-15,306.57550048828125,27.760000228881836
2020-07-16,305.5657958984375,28.0
2020-07-17,306.45172119140625,25.68000030517578
2020-07-20,308.92828369140625,24.459999084472656
2020-07-21,309.5855712890625,24.84000015258789
2020-07-22,311.3476867675781,24.31999969482422
2020-07-23,307.6327819824219,26.079999923706055
2020-07-24,305.6515808105469,25.84000015258789
2020-07-27,307.88043212890625,24.739999771118164
2020-07-28,305.927734375,25.440000534057617
2020-07-29,309.6903381347656,24.100000381469727
2020-07-30,308.5853271484375,24.760000228881836
2020-07-31,311.02386474609375,24.459999084472656
2020-08-03,313.1861267089844,24.280000686645508
2020-08-04,314.39581298828125,23.760000228881836
2020-08-05,316.3485412597656,22.989999771118164
2020-08-06,318.46319580078125,22.649999618530273
2020-08-07,318.6918640136719,22.209999084472656
2020-08-10,319.6443786621094,22.1299991607666
2020-08-11,317.0058288574219,24.030000686645508
2020-08-12,321.4255676269531,22.280000686645508
2020-08-13,320.84454345703125,22.1299991607666
2020-08-14,320.8541259765625,22.049999237060547
2020-08-17,321.8733215332031,21.350000381469727
2020-08-18,322.5686950683594,21.510000228881836
2020-08-19,321.2256774902344,22.540000915527344
2020-08-20,322.2257385253906,22.719999313354492
2020-08-21,323.36883544921875,22.540000915527344
2020-08-24,326.6455383300781,22.3700008392334
2020-08-25,327.7885437011719,22.030000686645508
2020-08-26,331.0748596191406,23.270000457763672
2020-08-27,331.79876708984375,24.469999313354492
2020-08-28,333.9420166015625,22.959999084472656
2020-08-31,332.7322998046875,26.40999984741211
2020-09-01,335.8661804199219,26.1200008392334
2020-09-02,340.72412109375,26.56999969482422
2020-09-03,328.9983215332031,33.599998474121094
2020-09-04,326.3121032714844,30.75
2020-09-08,317.3963317871094,31.459999084472656
2020-09-09,323.6640930175781,28.809999465942383
2020-09-10,318.0440979003906,29.709999084472656
2020-09-11,318.20599365234375,26.8700008392334
2020-09-14,322.3971862792969,25.850000381469727
2020-09-15,324.026123046875,25.59000015258789
2020-09-16,322.7401428222656,26.040000915527344
2020-09-17,319.90155029296875,26.459999084472656
2020-09-18,316.2185974121094,25.829999923706055
2020-09-21,312.6992492675781,27.780000686645508
2020-09-22,315.8839111328125,26.860000610351562
2020-09-23,308.5582580566406,28.579999923706055
2020-09-24,309.3807067871094,28.510000228881836
2020-09-25,314.3824768066406,26.3799991607666
2020-09-28,319.6040954589844,26.190000534057617
2020-09-29,317.863525390625,26.270000457763672
2020-09-30,320.27362060546875,26.3700008392334
2020-10-01,322.3297424316406,26.700000762939453
2020-10-02,319.2693786621094,27.6299991607666
2020-10-05,324.9309997558594,27.959999084472656
2020-10-06,320.3118591308594,29.479999542236328
2020-10-07,325.8873291015625,28.059999465942383
2020-10-08,328.77557373046875,26.360000610351562
2020-10-09,331.7115478515625,25.0
2020-10-12,337.0480041503906,25.06999969482422
2020-10-13,334.84844970703125,26.06999969482422
2020-10-14,332.7444152832031,26.399999618530273
2020-10-15,332.33319091796875,26.969999313354492
2020-10-16,332.1322937011719,27.40999984741211
2020-10-19,327.0827941894531,29.18000030517578
2020-10-20,328.3930358886719,29.350000381469727
2020-10-21,327.7713623046875,28.649999618530273
2020-10-22,329.5693054199219,28.110000610351562
2020-10-23,330.6882629394531,27.549999237060547
2020-10-26,324.5771484375,32.459999084472656
2020-10-27,323.4582214355469,33.349998474121094
2020-10-28,312.4028015136719,40.279998779296875
2020-10-29,315.57794189453125,37.59000015258789
2020-10-30,312.2879943847656,38.02000045776367
2020-11-02,315.78826904296875,37.130001068115234
2020-11-03,321.36383056640625,35.54999923706055
2020-11-04,328.5459899902344,29.56999969482422
2020-11-05,334.95367431640625,27.579999923706055
2020-11-06,334.8771057128906,24.860000610351562
2020-11-09,339.0850830078125,25.75
2020-11-10,338.5877685546875,24.799999237060547
2020-11-11,341.1029968261719,23.450000762939453
2020-11-12,337.79400634765625,25.350000381469727
2020-11-13,342.4705505371094,23.100000381469727
2020-11-16,346.74542236328125,22.450000762939453
2020-11-17,344.8805236816406,22.709999084472656
2020-11-18,340.73004150390625,23.84000015258789
2020-11-19,342.1645202636719,23.110000610351562
2020-11-20,339.8214416503906,23.700000762939453
2020-11-23,341.8585205078125,22.65999984741211
2020-11-24,347.3670654296875,21.639999389648438
2020-11-25,346.8315124511719,21.25
2020-11-27,347.7975158691406,20.84000015258789
2020-11-30,346.2577209472656,20.56999969482422
2020-12-01,350.0448913574219,20.770000457763672
2020-12-02,350.7812805175781,21.170000076293945
2020-12-03,350.6856384277344,21.280000686645508
2020-12-04,353.7077941894531,20.790000915527344
2020-12-07,352.98089599609375,21.299999237060547
2020-12-08,354.0137939453125,20.68000030517578
2020-12-09,350.83868408203125,22.270000457763672
2020-12-10,350.723876953125,22.520000457763672
2020-12-11,350.3126525878906,23.309999465942383
2020-12-14,348.7442626953125,24.719999313354492
2020-12-15,353.4590759277344,22.889999389648438
2020-12-16,354.0137939453125,22.5
2020-12-17,355.9933776855469,21.93000030517578
2020-12-18,354.5719299316406,21.56999969482422
2020-12-21,353.30419921875,25.15999984741211
2020-12-22,352.708740234375,24.229999542236328
2020-12-23,353.02569580078125,23.309999465942383
2020-12-24,354.39910888671875,21.530000686645508
2020-12-28,357.44366455078125,21.700000762939453
2020-12-29,356.76171875,23.079999923706055
2020-12-30,357.2707214355469,22.770000457763672
2020-12-31,359.08599853515625,22.75
2021-01-04,354.19744873046875,26.969999313354492
2021-01-05,356.6368103027344,25.34000015258789
2021-01-06,358.76904296875,25.06999969482422
2021-01-07,364.0994873046875,22.3700008392334
2021-01-08,366.1739807128906,21.559999465942383
2021-01-11,363.7056884765625,24.079999923706055
2021-01-12,363.782470703125,23.329999923706055
2021-01-13,364.76214599609375,22.209999084472656
2021-01-14,363.4847717285156,23.25
2021-01-15,360.833984375,24.34000015258789
2021-01-19,363.6672668457031,23.239999771118164
2021-01-20,368.699951171875,21.579999923706055
2021-01-21,369.0361022949219,21.31999969482422
2021-01-22,367.7298889160156,21.90999984741211
2021-01-25,369.1801452636719,23.190000534057617
2021-01-26,368.6039123535156,23.020000457763672
2021-01-27,359.5950927734375,37.209999084472656
2021-01-28,362.6876220703125,30.209999084472656
2021-01-29,355.4267578125,33.09000015258789
2021-02-01,361.34307861328125,30.239999771118164
2021-02-02,366.4524841308594,25.559999465942383
2021-02-03,366.74066162109375,22.90999984741211
2021-02-04,370.90887451171875,21.770000457763672
2021-02-05,372.3687438964844,20.8700008392334
2021-02-08,375.0580139160156,21.239999771118164
2021-02-09,374.8082580566406,21.6299991607666
2021-02-10,374.64495849609375,21.989999771118164
2021-02-11,375.25006103515625,21.25
2021-02-12,377.10369873046875,19.969999313354492
2021-02-16,376.7771301269531,21.459999084472656
2021-02-17,376.86358642578125,21.5
2021-02-18,375.2596740722656,22.489999771118164
2021-02-19,374.59698486328125,22.049999237060547
2021-02-22,371.71563720703125,23.450000762939453
2021-02-23,372.16705322265625,23.110000610351562
2021-02-24,376.26806640625,21.34000015258789
2021-02-25,367.20166015625,28.889999389648438
2021-02-26,365.3095397949219,27.950000762939453
2021-03-01,374.1647644042969,23.350000381469727
2021-03-02,371.2450256347656,24.100000381469727
2021-03-03,366.3276672363281,26.670000076293945
2021-03-04,361.7944641113281,28.56999969482422
2021-03-05,368.4501953125,24.65999984741211
2021-03-08,366.61578369140625,25.469999313354492
2021-03-09,371.8501281738281,24.030000686645508
2021-03-10,374.1647644042969,22.559999465942383
2021-03-11,377.95849609375,21.90999984741211
2021-03-12,378.46746826171875,20.690000534057617
2021-03-15,380.7245178222656,20.030000686645508
2021-03-16,380.24432373046875,19.790000915527344
2021-03-17,381.5409240722656,19.229999542236328
2021-03-18,375.9895324707031,21.579999923706055
2021-03-19,375.29388427734375,20.950000762939453
2021-03-22,378.2906188964844,18.8799991607666
2021-03-23,375.31317138671875,20.299999237060547
2021-03-24,373.4052429199219,21.200000762939453
2021-03-25,375.505859375,19.809999465942383
2021-03-26,381.55712890625,18.860000610351562
2021-03-29,381.3644104003906,20.739999771118164
2021-03-30,380.3526916503906,19.610000610351562
2021-03-31,381.8944091796875,19.399999618530273
2021-04-01,386.01849365234375,17.329999923706055
2021-04-05,391.5590515136719,17.90999984741211
2021-04-06,391.32781982421875,18.1200008392334
2021-04-07,391.78070068359375,17.15999984741211
2021-04-08,393.6403503417969,16.950000762939453
2021-04-09,396.50225830078125,16.690000534057617
2021-04-12,396.646728515625,16.90999984741211
2021-04-13,397.8222351074219,16.649999618530273
2021-04-14,396.46368408203125,16.989999771118164
2021-04-15,400.7226867675781,16.56999969482422
2021-04-16,402.0621032714844,16.25
2021-04-19,400.086669921875,17.290000915527344
2021-04-20,397.157470703125,18.68000030517578
2021-04-21,400.9153747558594,17.5
2021-04-22,397.2537841796875,18.709999084472656
2021-04-23,401.5610046386719,17.329999923706055
2021-04-26,402.39923095703125,17.639999389648438
2021-04-27,402.31256103515625,17.559999465942383
2021-04-28,402.19696044921875,17.280000686645508
2021-04-29,404.76007080078125,17.610000610351562
2021-04-30,402.1005859375,18.610000610351562
2021-05-03,402.9678649902344,18.309999465942383
2021-05-04,400.4817810058594,19.479999542236328
2021-05-05,400.60699462890625,19.149999618530273
2021-05-06,403.8061218261719,18.389999389648438
2021-05-07,406.74505615234375,16.690000534057617
2021-05-10,402.71722412109375,19.65999984741211
2021-05-11,399.12310791015625,21.84000015258789
2021-05-12,390.6436462402344,27.59000015258789
2021-05-13,395.33624267578125,23.1299991607666
2021-05-14,401.40679931640625,18.809999465942383
2021-05-17,400.38543701171875,19.719999313354492
2021-05-18,396.9358215332031,21.34000015258789
2021-05-19,395.8951721191406,22.18000030517578
2021-05-20,400.1542053222656,20.670000076293945
2021-05-21,399.8265380859375,20.149999618530273
2021-05-24,403.9024963378906,18.399999618530273
2021-05-25,403.00628662109375,18.84000015258789
2021-05-26,403.8061218261719,17.360000610351562
2021-05-27,404.01812744140625,16.739999771118164
2021-05-28,404.7408142089844,16.760000228881836
2021-06-01,404.3843078613281,17.899999618530273
2021-06-02,405.0202331542969,17.479999542236328
2021-06-03,403.51702880859375,18.040000915527344
2021-06-04,407.2075500488281,16.420000076293945
2021-06-07,406.8125,16.420000076293945
2021-06-08,406.89923095703125,17.06999969482422
2021-06-09,406.2921447753906,17.889999389648438
2021-06-10,408.1807556152344,16.100000381469727
2021-06-11,408.8553161621094,15.649999618530273
2021-06-14,409.7706298828125,16.389999389648438
2021-06-15,409.0190734863281,17.020000457763672
2021-06-16,406.7354431152344,18.149999618530273
2021-06-17,406.6004638671875,17.75
2021-06-18,401.1152648925781,20.700000762939453
2021-06-21,406.857666015625,17.889999389648438
2021-06-22,409.0327453613281,16.65999984741211
2021-06-23,408.5397644042969,16.31999969482422
2021-06-24,410.95654296875,15.970000267028809
2021-06-25,412.41632080078125,15.619999885559082
2021-06-28,413.2477111816406,15.760000228881836
2021-06-29,413.4700622558594,16.020000457763672
2021-06-30,413.8181457519531,15.829999923706055
2021-07-01,416.1092529296875,15.479999542236328
2021-07-02,419.2898254394531,15.069999694824219
2021-07-06,418.5260925292969,16.440000534057617
2021-07-07,420.005126953125,16.200000762939453
2021-07-08,416.5829162597656,19.0
2021-07-09,421.0298767089844,16.18000030517578
2021-07-12,422.5379638671875,16.170000076293945
2021-07-13,421.0975646972656,17.1200008392334
2021-07-14,421.7259521484375,16.329999923706055
2021-07-15,420.2855224609375,17.010000228881836
2021-07-16,416.98895263671875,18.450000762939453
2021-07-19,410.8309326171875,22.5
2021-07-20,416.71832275390625,19.729999542236328
2021-07-21,420.0921325683594,17.90999984741211
2021-07-22,420.9718933105469,17.690000534057617
2021-07-23,425.3028869628906,17.200000762939453
2021-07-26,426.3468933105469,17.579999923706055
2021-07-27,424.4037780761719,19.360000610351562
2021-07-28,424.22979736328125,18.309999465942383
2021-07-29,425.9892272949219,17.700000762939453
2021-07-30,423.92047119140625,18.239999771118164
2021-08-02,423.0310363769531,19.459999084472656
2021-08-03,426.4725646972656,18.040000915527344
2021-08-04,424.374755859375,17.969999313354492
2021-08-05,427.0623474121094,17.280000686645508
2021-08-06,427.7679748535156,16.149999618530273
2021-08-09,427.4200439453125,16.719999313354492
2021-08-10,427.95166015625,16.790000915527344
2021-08-11,429.0150451660156,16.170000076293945
2021-08-12,430.3008117675781,15.59000015258789
2021-08-13,431.0838928222656,15.449999809265137
2021-08-16,432.09893798828125,16.1200008392334
2021-08-17,429.2664489746094,17.90999984741211
2021-08-18,424.568115234375,21.56999969482422
2021-08-19,425.2254943847656,21.670000076293945
2021-08-20,428.6090393066406,18.559999465942383
2021-08-23,432.37933349609375,17.149999618530273
2021-08-24,433.0657043457031,17.219999313354492
2021-08-25,433.97442626953125,16.790000915527344
2021-08-26,431.41259765625,18.84000015258789
2021-08-27,435.2698059082031,16.389999389648438
2021-08-30,437.1839599609375,16.190000534057617
2021-08-31,436.5362548828125,16.479999542236328
2021-09-01,436.7682189941406,16.110000610351562
2021-09-02,438.1120300292969,16.40999984741211
2021-09-03,438.005615234375,16.40999984741211
2021-09-07,436.4395446777344,18.139999389648438
2021-09-08,435.9078674316406,17.959999084472656
2021-09-09,434.0420837402344,18.799999237060547
2021-09-10,430.61981201171875,20.950000762939453
2021-09-13,431.72186279296875,19.3700008392334
2021-09-14,429.3921813964844,19.459999084472656
2021-09-15,432.9786682128906,18.18000030517578
2021-09-16,432.2923278808594,18.690000534057617
2021-09-17,428.08135986328125,20.809999465942383
2021-09-20,420.9433898925781,25.709999084472656
2021-09-21,420.5457763671875,24.360000610351562
2021-09-22,424.6481628417969,20.8700008392334
2021-09-23,429.8076477050781,18.6299991607666
2021-09-24,430.51556396484375,17.75
2021-09-27,429.28387451171875,18.760000228881836
2021-09-28,420.633056640625,23.25
2021-09-29,421.3410339355469,22.559999465942383
2021-09-30,416.1912536621094,23.139999389648438
2021-10-01,421.1373596191406,21.100000381469727
2021-10-04,415.70635986328125,22.959999084472656
2021-10-05,420.03173828125,21.299999237060547
2021-10-06,421.77740478515625,21.0
2021-10-07,425.4239807128906,19.540000915527344
2021-10-08,424.6481628417969,18.770000457763672
2021-10-11,421.5738220214844,20.0
2021-10-12,420.53607177734375,19.850000381469727
2021-10-13,422.04901123046875,18.639999389648438
2021-10-14,429.14813232421875,16.860000610351562
2021-10-15,432.4164123535156,16.299999237060547
2021-10-18,433.6966247558594,16.309999465942383
2021-10-19,437.04254150390625,15.699999809265137
2021-10-20,438.75909423828125,15.489999771118164
2021-10-21,439.90350341796875,15.010000228881836
2021-10-22,439.44769287109375,15.430000305175781
2021-10-25,441.8044128417969,15.239999771118164
2021-10-26,442.2019958496094,15.979999542236328
2021-10-27,440.2428894042969,16.979999542236328
2021-10-28,444.49078369140625,16.530000686645508
2021-10-29,445.3927307128906,16.260000228881836
2021-11-01,446.1588439941406,16.40999984741211
2021-11-02,447.9627990722656,16.030000686645508
2021-11-03,450.6976623535156,15.100000381469727
2021-11-04,452.8215637207031,15.4399995803833
2021-11-05,454.3927307128906,16.479999542236328
2021-11-08,454.7806091308594,17.219999313354492
2021-11-09,453.2774353027344,17.780000686645508
2021-11-10,449.630859375,18.729999542236328
2021-11-11,449.7763366699219,17.65999984741211
2021-11-12,453.17071533203125,16.290000915527344
2021-11-15,453.32586669921875,16.489999771118164
2021-11-16,455.12005615234375,16.3700008392334
2021-11-17,454.0144958496094,17.110000610351562
2021-11-18,455.5565490722656,17.59000015258789
2021-11-19,454.74188232421875,17.90999984741211
2021-11-22,453.4617004394531,19.170000076293945
2021-11-23,454.0629577636719,19.3799991607666
2021-11-24,455.2752685546875,18.579999923706055
2021-11-26,445.1212158203125,28.6200008392334
2021-11-29,450.5812683105469,22.959999084472656
2021-11-30,441.8140563964844,27.190000534057617
2021-12-01,436.90673828125,31.1200008392334
2021-12-02,443.5985107421875,27.950000762939453
2021-12-03,439.7386474609375,30.670000076293945
2021-12-06,444.9466247558594,27.18000030517578
2021-12-07,454.1502380371094,21.889999389648438
2021-12-08,455.3528137207031,19.899999618530273
2021-12-09,452.2784729003906,21.579999923706055
2021-12-10,456.5360107421875,18.690000534057617
2021-12-13,452.4918518066406,20.309999465942383
2021-12-14,449.37872314453125,21.889999389648438
2021-12-15,456.4002685546875,19.290000915527344
2021-12-16,452.37548828125,20.56999969482422
2021-12-17,447.5609436035156,21.56999969482422
2021-12-20,442.8017883300781,22.8700008392334
2021-12-21,450.66546630859375,21.010000228881836
2021-12-22,455.17156982421875,18.6299991607666
2021-12-23,458.00372314453125,17.959999084472656
2021-12-27,464.48541259765625,17.68000030517578
2021-12-28,464.1058654785156,17.540000915527344
2021-12-29,464.6995544433594,16.950000762939453
2021-12-30,463.41485595703125,17.329999923706055
2021-12-31,462.24700927734375,17.219999313354492
2022-01-03,464.92340087890625,16.600000381469727
2022-01-04,464.7676696777344,16.90999984741211
2022-01-05,455.8431396484375,19.729999542236328
2022-01-06,455.4148864746094,19.610000610351562
2022-01-07,453.6144104003906,18.760000228881836
2022-01-10,453.0499572753906,19.399999618530273
2022-01-11,457.17645263671875,18.40999984741211
2022-01-12,458.4124450683594,17.6200008392334
2022-01-13,452.09619140625,20.309999465942383
2022-01-14,452.28106689453125,19.190000534057617
2022-01-18,444.2713623046875,22.790000915527344
2022-01-19,439.6582336425781,23.850000381469727
2022-01-20,434.7920837402344,25.59000015258789
2022-01-21,426.2568359375,28.850000381469727
2022-01-24,428.0670166015625,29.899999618530273
2022-01-25,422.84075927734375,31.15999984741211
2022-01-26,421.77996826171875,31.959999084472656
2022-01-27,419.69720458984375,30.489999771118164
2022-01-28,430.1205749511719,27.65999984741211
2022-01-31,437.86749267578125,24.829999923706055
2022-02-01,440.8261413574219,21.959999084472656
2022-02-02,445.1083984375,22.09000015258789
2022-02-03,434.6461181640625,24.350000381469727
2022-02-04,436.68988037109375,23.219999313354492
2022-02-07,435.2884826660156,22.860000610351562
2022-02-08,438.86993408203125,21.440000534057617
2022-02-09,445.29327392578125,19.959999084472656
2022-02-10,437.29327392578125,23.90999984741211
2022-02-11,428.6704406738281,27.360000610351562
2022-02-14,427.2690124511719,28.329999923706055
2022-02-15,434.1594543457031,25.700000762939453
2022-02-16,434.6461181640625,24.290000915527344
2022-02-17,425.3614196777344,28.110000610351562
2022-02-18,422.6072082519531,27.75
2022-02-22,418.07196044921875,28.809999465942383
2022-02-23,410.6558837890625,31.020000457763672
2022-02-24,416.8359375,30.31999969482422
2022-02-25,426.032958984375,27.59000015258789
2022-02-28,424.9429626464844,30.149999618530273
2022-03-01,418.4709167480469,33.31999969482422
2022-03-02,426.16925048828125,30.739999771118164
2022-03-03,424.047607421875,30.479999542236328
2022-03-04,420.6023254394531,31.979999542236328
2022-03-07,408.2033386230469,36.45000076293945
2022-03-08,405.10845947265625,35.130001068115234
2022-03-09,415.9697265625,32.45000076293945
2022-03-10,414.0914001464844,30.229999542236328
2022-03-11,408.8262023925781,30.75
2022-03-14,405.8383483886719,31.770000457763672
2022-03-15,414.762939453125,29.829999923706055
2022-03-16,423.9599609375,26.670000076293945
2022-03-17,429.26409912109375,25.670000076293945
2022-03-18,433.96575927734375,23.8700008392334
2022-03-21,433.8388366699219,23.530000686645508
2022-03-22,438.9153747558594,22.940000534057617
2022-03-23,433.2628479003906,23.56999969482422
2022-03-24,439.79400634765625,21.670000076293945
2022-03-25,441.9417724609375,20.809999465942383
2022-03-28,445.0853271484375,19.6299991607666
2022-03-29,450.5914001464844,18.899999618530273
2022-03-30,447.80908203125,19.329999923706055
2022-03-31,440.9167175292969,20.559999465942383
2022-04-01,442.166259765625,19.6299991607666
2022-04-04,445.9541931152344,18.56999969482422
2022-04-05,440.3211669921875,21.030000686645508
2022-04-06,435.9183044433594,22.100000381469727
2022-04-07,438.1148681640625,21.549999237060547
2022-04-08,436.943359375,21.15999984741211
2022-04-11,429.4749755859375,24.3700008392334
2022-04-12,427.8836975097656,24.260000228881836
2022-04-13,432.78448486328125,21.81999969482422
2022-04-14,427.3955383300781,22.700000762939453
2022-04-18,427.5712890625,22.170000076293945
2022-04-19,434.473388671875,21.3700008392334
2022-04-20,434.1512451171875,20.31999969482422
2022-04-21,427.6591796875,22.68000030517578
2022-04-22,415.9245300292969,28.209999084472656
2022-04-25,418.3359069824219,27.020000457763672
2022-04-26,406.2205505371094,33.52000045776367
2022-04-27,407.3627624511719,31.600000381469727
2022-04-28,417.65252685546875,29.989999771118164
2022-04-29,402.2178649902344,33.400001525878906
2022-05-02,404.6390075683594,32.34000015258789
2022-05-03,406.4938659667969,29.25
2022-05-04,418.8728332519531,25.420000076293945
2022-05-05,403.9848937988281,31.200000762939453
2022-05-06,401.5735778808594,30.190000534057617
2022-05-09,388.71624755859375,34.75
2022-05-10,389.6144104003906,32.9900016784668
2022-05-11,383.4249267578125,32.560001373291016
2022-05-12,383.0246887207031,31.770000457763672
2022-05-13,392.18194580078125,28.8700008392334
2022-05-16,390.5906982421875,27.469999313354492
2022-05-17,398.625244140625,26.100000381469727
2022-05-18,382.5560607910156,30.959999084472656
2022-05-19,380.2130432128906,29.350000381469727
2022-05-20,380.3789978027344,29.43000030517578
2022-05-23,387.4959411621094,28.479999542236328
2022-05-24,384.5378723144531,29.450000762939453
2022-05-25,387.9352111816406,28.3700008392334
2022-05-26,395.68670654296875,27.5
2022-05-27,405.40045166015625,25.719999313354492
2022-05-31,403.12579345703125,26.190000534057617
2022-06-01,399.8651123046875,25.690000534057617
2022-06-02,407.47991943359375,24.719999313354492
2022-06-03,400.79254150390625,24.790000915527344
2022-06-06,402.01287841796875,25.06999969482422
2022-06-07,405.86907958984375,24.020000457763672
2022-06-08,401.4564208984375,23.959999084472656
2022-06-09,391.9085998535156,26.09000015258789
2022-06-10,380.54498291015625,27.75
2022-06-13,366.09637451171875,34.02000045776367
2022-06-14,364.9931945800781,32.689998626708984
2022-06-15,370.1966552734375,29.6200008392334
2022-06-16,357.9446105957031,32.95000076293945
2022-06-17,358.7162780761719,31.1299991607666
2022-06-21,367.7464294433594,30.190000534057617
2022-06-22,367.0797424316406,28.950000762939453
2022-06-23,370.6780700683594,29.049999237060547
2022-06-24,382.46331787109375,27.229999542236328
2022-06-27,381.00244140625,26.950000762939453
2022-06-28,373.21746826171875,28.360000610351562
2022-06-29,372.91351318359375,28.15999984741211
2022-06-30,369.8838806152344,28.709999084472656
2022-07-01,373.79595947265625,26.700000762939453
2022-07-05,374.50189208984375,27.540000915527344
2022-07-06,375.7667236328125,26.729999542236328
2022-07-07,381.3946228027344,26.079999923706055
2022-07-08,381.08087158203125,24.639999389648438
2022-07-11,376.72760009765625,26.170000076293945
2022-07-12,373.3939514160156,27.290000915527344
2022-07-13,371.4330139160156,26.81999969482422
2022-07-14,370.5309753417969,26.399999618530273
2022-07-15,377.6100158691406,24.229999542236328
2022-07-18,374.4920959472656,25.299999237060547
2022-07-19,384.6105651855469,24.5
2022-07-20,387.0617370605469,23.8799991607666
2022-07-21,391.0032653808594,23.110000610351562
2022-07-22,387.3755187988281,23.030000686645508
2022-07-25,387.84613037109375,23.360000610351562
2022-07-26,383.2575378417969,24.690000534057617
2022-07-27,393.2093505859375,23.239999771118164
2022-07-28,398.14111328125,22.329999923706055
2022-07-29,403.9455261230469,21.329999923706055
2022-08-01,402.7493896484375,22.84000015258789
2022-08-02,400.09228515625,23.93000030517578
2022-08-03,406.3575134277344,21.950000762939453
2022-08-04,406.0829772949219,21.440000534057617
2022-08-05,405.3966369628906,21.149999618530273
2022-08-08,404.9259948730469,21.290000915527344
2022-08-09,403.3179931640625,21.770000457763672
2022-08-10,411.7893371582031,19.739999771118164
2022-08-11,411.7893371582031,20.200000762939453
2022-08-12,418.7605285644531,19.530000686645508
2022-08-15,420.4861145019531,19.950000762939453
2022-08-16,421.30975341796875,19.690000534057617
2022-08-17,418.3192443847656,19.899999618530273
2022-08-18,419.53509521484375,19.559999465942383
2022-08-19,413.8973388671875,20.600000381469727
2022-08-22,405.27899169921875,23.799999237060547
2022-08-23,404.29852294921875,24.110000610351562
2022-08-24,405.59271240234375,22.81999969482422
2022-08-25,411.3187255859375,21.780000686645508
2022-08-26,397.3959655761719,25.559999465942383
2022-08-29,394.768310546875,26.209999084472656
2022-08-30,390.4346008300781,26.209999084472656
2022-08-31,387.4637756347656,25.8700008392334
2022-09-01,388.6795349121094,25.559999465942383
2022-09-02,384.5811767578125,25.469999313354492
2022-09-06,383.1300964355469,26.90999984741211
2022-09-07,390.01300048828125,24.639999389648438
2022-09-08,392.5622253417969,23.610000610351562
2022-09-09,398.6607666015625,22.790000915527344
2022-09-12,402.9454345703125,23.8700008392334
2022-09-13,385.4244079589844,27.270000457763672
2022-09-14,386.8951110839844,26.15999984741211
2022-09-15,382.5025329589844,26.270000457763672
2022-09-16,379.5845031738281,26.299999237060547
2022-09-19,382.5281677246094,25.760000228881836
2022-09-20,378.1372985839844,27.15999984741211
2022-09-21,371.5411376953125,27.989999771118164
2022-09-22,368.42022705078125,27.350000381469727
2022-09-23,362.2474365234375,29.920000076293945
2022-09-26,358.663818359375,32.2599983215332
2022-09-27,357.7482604980469,32.599998474121094
2022-09-28,364.7874450683594,30.18000030517578
2022-09-29,357.16741943359375,31.84000015258789
2022-09-30,351.64434814453125,31.6200008392334
2022-10-03,360.92816162109375,30.100000381469727
2022-10-04,372.11212158203125,29.06999969482422
2022-10-05,371.2457580566406,28.549999237060547
2022-10-06,367.41607666015625,30.520000457763672
2022-10-07,357.16741943359375,31.360000610351562
2022-10-10,354.4403076171875,32.45000076293945
2022-10-11,352.1956481933594,33.630001068115234
2022-10-12,351.0339660644531,33.56999969482422
2022-10-13,360.2981262207031,31.940000534057617
2022-10-14,352.08734130859375,32.02000045776367
2022-10-17,361.13494873046875,31.3700008392334
2022-10-18,365.37811279296875,30.5
2022-10-19,362.7889099121094,30.760000228881836
2022-10-20,359.7467956542969,29.979999542236328
2022-10-21,368.4891662597656,29.690000534057617
2022-10-24,372.9981689453125,29.850000381469727
2022-10-25,378.95440673828125,28.459999084472656
2022-10-26,376.0993347167969,27.280000686645508
2022-10-27,374.09100341796875,27.389999389648438
2022-10-28,382.9908447265625,25.75
2022-10-31,380.2243957519531,25.8799991607666
2022-11-01,378.5606384277344,25.809999465942383
2022-11-02,369.0601806640625,25.860000610351562
2022-11-03,365.260009765625,25.299999237060547
2022-11-04,370.5172424316406,24.549999237060547
2022-11-07,374.06146240234375,24.350000381469727
2022-11-08,376.0796813964844,25.540000915527344
2022-11-09,368.3316345214844,26.09000015258789
2022-11-10,388.572998046875,23.530000686645508
2022-11-11,392.33380126953125,22.520000457763672
2022-11-14,388.9963073730469,23.729999542236328
2022-11-15,392.3141174316406,24.540000915527344
2022-11-16,389.3211975097656,24.110000610351562
2022-11-17,388.12994384765625,23.93000030517578
2022-11-18,389.8922424316406,23.1200008392334
2022-11-21,388.4745178222656,22.360000610351562
2022-11-22,393.7022399902344,21.290000915527344
2022-11-23,396.1831970214844,20.350000381469727
2022-11-25,396.0945739746094,20.5
2022-11-28,389.7740783691406,22.209999084472656
2022-11-29,389.1046447753906,21.889999389648438
2022-11-30,401.3616943359375,20.579999923706055
2022-12-01,401.0663146972656,19.84000015258789
2022-12-02,400.6036376953125,19.059999465942383
2022-12-05,393.39703369140625,20.75
2022-12-06,387.7262878417969,22.170000076293945
2022-12-07,387.0667419433594,22.68000030517578
2022-12-08,390.0989685058594,22.290000915527344
2022-12-09,387.1848449707031,22.829999923706055
2022-12-12,392.7669677734375,25.0
2022-12-13,395.7402038574219,22.549999237060547
2022-12-14,393.2099914550781,21.139999389648438
2022-12-15,383.5914001464844,22.829999923706055
2022-12-16,379.06268310546875,22.6200008392334
2022-12-19,375.8483581542969,22.420000076293945
2022-12-20,376.3626708984375,21.479999542236328
2022-12-21,381.9902038574219,20.06999969482422
2022-12-22,376.5406799316406,21.969999313354492
2022-12-23,378.7066650390625,20.8700008392334
2022-12-27,377.2132263183594,21.649999618530273
2022-12-28,372.5252380371094,22.139999389648438
2022-12-29,379.2308349609375,21.440000534057617
2022-12-30,378.23187255859375,21.670000076293945
2023-01-03,376.63958740234375,22.899999618530273
2023-01-04,379.5473327636719,22.010000228881836
2023-01-05,375.21539306640625,22.459999084472656
2023-01-06,383.81988525390625,21.1299991607666
2023-01-09,383.602294921875,21.969999313354492
2023-01-10,386.2924499511719,20.579999923706055
2023-01-11,391.17822265625,21.09000015258789
2023-01-12,392.6023864746094,18.829999923706055
2023-01-13,394.12548828125,18.350000381469727
2023-01-17,393.40350341796875,19.360000610351562
2023-01-18,387.1924743652344,20.34000015258789
2023-01-19,384.373779296875,20.520000457763672
2023-01-20,391.5342712402344,19.850000381469727
2023-01-23,396.2321472167969,19.809999465942383
2023-01-24,395.80682373046875,19.200000762939453
2023-01-25,395.9552001953125,19.079999923706055
2023-01-26,400.3069152832031,18.729999542236328
2023-01-27,401.2266845703125,18.510000228881836
2023-01-30,396.1925354003906,19.940000534057617
2023-01-31,402.0179138183594,19.399999618530273
2023-02-01,406.29046630859375,17.8700008392334
2023-02-02,412.204833984375,18.729999542236328
2023-02-03,407.823486328125,18.329999923706055
2023-02-06,405.33111572265625,19.43000030517578
2023-02-07,410.6322937011719,18.65999984741211
2023-02-08,406.1421203613281,19.6299991607666
2023-02-09,402.6211853027344,20.709999084472656
2023-02-10,403.560791015625,20.530000686645508
2023-02-13,408.2981872558594,20.34000015258789
2023-02-14,408.1103210449219,18.90999984741211
2023-02-15,409.43560791015625,18.229999542236328
2023-02-16,403.7981262207031,20.170000076293945
2023-02-17,402.78936767578125,20.020000457763672
2023-02-21,394.70904541015625,22.8700008392334
2023-02-22,394.1650695800781,22.290000915527344
2023-02-23,396.26177978515625,21.139999389648438
2023-02-24,392.0287780761719,21.670000076293945
2023-02-27,393.36395263671875,20.950000762939453
2023-02-28,391.9100646972656,20.700000762939453
2023-03-01,390.4067687988281,20.579999923706055
2023-03-02,393.44305419921875,19.59000015258789
2023-03-03,399.7530212402344,18.489999771118164
2023-03-06,400.0299987792969,18.610000610351562
2023-03-07,393.8980407714844,19.59000015258789
2023-03-08,394.5408935546875,19.110000610351562
2023-03-09,387.2616882324219,22.610000610351562
2023-03-10,381.6737365722656,24.799999237060547
2023-03-13,381.1297302246094,26.520000457763672
2023-03-14,387.4298400878906,23.729999542236328
2023-03-15,385.0067138671875,26.139999389648438
2023-03-16,391.7617492675781,22.989999771118164
2023-03-17,387.18096923828125,25.510000228881836
2023-03-20,390.9039611816406,24.149999618530273
2023-03-21,396.0367126464844,21.3799991607666
2023-03-22,389.28570556640625,22.260000228881836
2023-03-23,390.33807373046875,22.610000610351562
2023-03-24,392.8995056152344,21.739999771118164
2023-03-27,393.6341552734375,20.600000381469727
2023-03-28,392.7505798339844,19.969999313354492
2023-03-29,398.4591369628906,19.1200008392334
2023-03-30,400.792236328125,19.020000457763672
2023-03-31,406.4412536621094,18.700000762939453
2023-04-03,407.9900207519531,18.549999237060547
2023-04-04,405.7264709472656,19.0
2023-04-05,404.6641540527344,19.079999923706055
2023-04-06,406.2427062988281,18.399999618530273
2023-04-10,406.65966796875,18.969999313354492
2023-04-11,406.76885986328125,19.100000381469727
2023-04-12,405.11090087890625,19.09000015258789
2023-04-13,410.49188232421875,17.799999237060547
2023-04-14,409.4891357421875,17.06999969482422
2023-04-17,410.95849609375,16.950000762939453
2023-04-18,411.2265319824219,16.829999923706055
2023-04-19,411.15704345703125,16.459999084472656
2023-04-20,408.913330078125,17.170000076293945
2023-04-21,409.23101806640625,16.770000457763672
2023-04-24,409.6579284667969,16.889999389648438
2023-04-25,403.15509033203125,18.760000228881836
2023-04-26,401.44744873046875,18.84000015258789
2023-04-27,409.4394836425781,17.030000686645508
2023-04-28,412.9341125488281,15.779999732971191
2023-05-01,412.5171813964844,16.079999923706055
2023-05-02,407.8808288574219,17.780000686645508
2023-05-03,405.08111572265625,18.34000015258789
2023-05-04,402.2119445800781,20.09000015258789
2023-05-05,409.6579284667969,17.190000534057617
2023-05-08,409.76708984375,16.979999542236328
2023-05-09,407.97015380859375,17.709999084472656
2023-05-10,409.8763427734375,16.940000534057617
2023-05-11,409.1614990234375,16.93000030517578
2023-05-12,408.6253967285156,17.030000686645508
2023-05-15,410.03515625,17.1200008392334
2023-05-16,407.2950439453125,17.989999771118164
2023-05-17,412.23919677734375,16.8700008392334
2023-05-18,416.21038818359375,16.049999237060547
2023-05-19,415.6047668457031,16.809999465942383
2023-05-22,415.7735595703125,17.209999084472656
2023-05-23,411.107421875,18.530000686645508
2023-05-24,408.1289978027344,20.030000686645508
2023-05-25,411.6633605957031,19.139999389648438
2023-05-26,416.9946594238281,17.950000762939453
2023-05-30,417.1535339355469,17.459999084472656
2023-05-31,414.84033203125,17.940000534057617
2023-06-01,418.78173828125,15.649999618530273
2023-06-02,424.8377990722656,14.600000381469727
2023-06-05,424.0237121582031,14.729999542236328
2023-06-06,424.9469909667969,13.960000038146973
2023-06-07,423.4776306152344,13.9399995803833
2023-06-08,426.0390930175781,13.649999618530273
2023-06-09,426.8034973144531,13.829999923706055
2023-06-12,430.6754150390625,15.010000228881836
2023-06-13,433.51483154296875,14.609999656677246
2023-06-14,434.03106689453125,13.880000114440918
2023-06-15,439.41204833984375,14.5
2023-06-16,437.9153137207031,13.539999961853027
2023-06-20,435.6433410644531,13.880000114440918
2023-06-21,433.4112243652344,13.199999809265137
2023-06-22,434.9757080078125,12.90999984741211
2023-06-23,431.6872863769531,13.4399995803833
2023-06-26,429.92352294921875,14.25
2023-06-27,434.63690185546875,13.739999771118164
2023-06-28,434.85614013671875,13.430000305175781
2023-06-29,436.5700378417969,13.539999961853027
2023-06-30,441.7218933105469,13.59000015258789
2023-07-03,442.2301025390625,13.569999694824219
2023-07-05,441.5724182128906,14.180000305175781
2023-07-06,438.1146240234375,15.4399995803833
2023-07-07,437.0085144042969,14.829999923706055
2023-07-10,438.1146240234375,15.069999694824219
2023-07-11,440.9047546386719,14.84000015258789
2023-07-12,444.4522399902344,13.539999961853027
2023-07-13,447.9798278808594,13.609999656677246
2023-07-14,447.7008056640625,13.34000015258789
2023-07-17,449.25531005859375,13.479999542236328
2023-07-18,452.5935363769531,13.300000190734863
2023-07-19,453.6000061035156,13.760000228881836
2023-07-20,450.5906066894531,13.989999771118164
2023-07-21,450.5906066894531,13.600000381469727
2023-07-24,452.603515625,13.90999984741211
2023-07-25,453.8391418457031,13.859999656677246
2023-07-26,453.9089050292969,13.1899995803833
2023-07-27,450.8995056152344,14.40999984741211
2023-07-28,455.31396484375,13.329999923706055
2023-07-31,456.180908203125,13.630000114440918
2023-08-01,454.8755187988281,13.930000305175781
2023-08-02,448.5478210449219,16.09000015258789
2023-08-03,447.2623596191406,15.920000076293945
2023-08-04,445.2394714355469,17.100000381469727
2023-08-07,449.1257629394531,15.770000457763672
2023-08-08,447.17266845703125,15.989999771118164
2023-08-09,444.1832275390625,15.960000038146973
2023-08-10,444.3426513671875,15.850000381469727
2023-08-11,444.08355712890625,14.84000015258789
2023-08-14,446.534912109375,14.819999694824219
2023-08-15,441.3332824707031,16.459999084472656
2023-08-16,438.0946960449219,16.780000686645508
2023-08-17,434.7564697265625,17.889999389648438
2023-08-18,434.9657287597656,17.299999237060547
2023-08-21,437.7957458496094,17.1299991607666
2023-08-22,436.60992431640625,16.969999313354492
2023-08-23,441.4727783203125,15.979999542236328
2023-08-24,435.3543701171875,17.200000762939453
2023-08-25,438.42352294921875,15.680000305175781
2023-08-28,441.2037353515625,15.079999923706055
2023-08-29,447.58123779296875,14.449999809265137
2023-08-30,449.42474365234375,13.880000114440918
2023-08-31,448.7670593261719,13.569999694824219
2023-09-01,449.6040954589844,13.09000015258789
2023-09-05,447.66094970703125,14.010000228881836
2023-09-06,444.65155029296875,14.449999809265137
2023-09-07,443.286376953125,14.399999618530273
2023-09-08,443.9540100097656,13.84000015258789
2023-09-11,446.8737487792969,13.800000190734863
2023-09-12,444.42236328125,14.229999542236328
2023-09-13,444.9405517578125,13.479999542236328
2023-09-14,448.7770080566406,12.819999694824219
2023-09-15,443.3699951171875,13.789999961853027
2023-09-18,443.6300048828125,14.0
2023-09-19,442.7099914550781,14.109999656677246
2023-09-20,438.6400146484375,15.140000343322754
2023-09-21,431.3900146484375,17.540000915527344
2023-09-22,430.4200134277344,17.200000762939453
2023-09-25,432.2300109863281,16.899999618530273
2023-09-26,425.8800048828125,18.940000534057617
2023-09-27,426.04998779296875,18.219999313354492
2023-09-28,428.5199890136719,17.34000015258789
2023-09-29,427.4800109863281,17.520000457763672
2023-10-02,427.30999755859375,17.610000610351562
2023-10-03,421.5899963378906,19.780000686645508
2023-10-04,424.6600036621094,18.579999923706055
2023-10-05,424.5,18.489999771118164
2023-10-06,429.5400085449219,17.450000762939453
2023-10-09,432.2900085449219,17.700000762939453
2023-10-10,434.5400085449219,17.030000686645508
2023-10-11,436.32000732421875,16.09000015258789
2023-10-12,433.6600036621094,16.690000534057617
2023-10-13,431.5,19.31999969482422
2023-10-16,436.0400085449219,17.209999084472656
2023-10-17,436.0199890136719,17.8799991607666
2023-10-18,430.2099914550781,19.219999313354492
2023-10-19,426.42999267578125,21.399999618530273
2023-10-20,421.19000244140625,21.709999084472656
